id,name,category,purchase_unit,purchase_qty_std,recipe_unit,unit_type,current_price,purchase_price,is_active
1,Milk,dairy,case x 1 gal,128.000000,fl oz,liquid,5.2000,5.2000,True
2,Almond Milk,dairy,case,3838.900000,fl oz,liquid,35.5400,35.5400,True
3,Coconut Milk,dairy,case 12 x 32 oz,383.900000,fl oz,liquid,38.5000,38.5000,True
4,Cream Cheese,dairy,case x 100 units,100.000000,unit,each,49.1800,49.1800,True
5,Cheese Cheddar Sliced,dairy,case,400.000000,unit,each,41.6500,41.6500,True
6,Cheese Mozzarella Sliced,dairy,case,123.000000,unit,each,44.9500,44.9500,True
7,Crumbled Blue Cheese,dairy,case 2 x 5 lb,160.000000,oz,solid,37.7500,37.7500,True
8,Greek Yogurt,dairy,case 6 x 32 oz,191.900000,fl oz,liquid,94.6600,94.6600,True
9,Vanilla Gelato,dairy,case 12 x 1 kg,134.000000,oz,solid,222.9700,222.9700,True
10,Chocolate Gelato,dairy,case,134.000000,unit,each,204.1600,204.1600,True
11,Coconut Flakes,specialty,bag x 10 oz,10.000000,oz,solid,8.3900,8.3900,True
12,Cold Brew,coffee,case x 1 gal,128.000000,fl oz,liquid,70.4000,70.4000,True
13,Brewed Coffee,coffee,case x 1.5 gal,50.700000,fl oz,liquid,7.9300,7.9300,True
14,Nitro Cold Brew,coffee,case x 1 gal,128.000000,fl oz,liquid,36.0000,36.0000,True
15,Chai Tea Concentrate,tea,bottle x 750 ml,25.300000,fl oz,liquid,6.7500,6.7500,True
16,Tea Bag,tea,case x 3 gal,384.000000,fl oz,liquid,32.3600,32.3600,True
17,Green Tea,tea,case 6 x 20 units,120.000000,unit,each,32.4000,32.4000,True
18,Matcha,tea,case 4 x 1 kg,141.000000,oz,solid,491.0000,491.0000,True
19,Vanilla Syrup,syrups,bottle x 1 l,33.800000,fl oz,liquid,11.9900,11.9900,True
20,Rose Syrup,syrups,bottle x 750 ml,25.300000,fl oz,liquid,6.7400,6.7400,True
21,Coconut Syrup,syrups,bottle x 750 ml,25.300000,fl oz,liquid,6.7500,6.7500,True
22,Hazelnut Syrup,syrups,bottle x 750 ml,25.300000,fl oz,liquid,6.7500,6.7500,True
23,Dragon Fruit Syrup,syrups,bottle x 750 ml,25.300000,fl oz,liquid,6.7500,6.7500,True
24,White Lotus,fruit_concentrate,bottle x 64 oz,64.000000,fl oz,liquid,29.7100,29.7100,True
25,Strawberry Fruit Fusion,fruit_concentrate,bottle x 64 oz,64.000000,fl oz,liquid,19.0000,19.0000,True
26,Blue Raspberry Fruit Fusion,fruit_concentrate,bottle x 64 oz,64.000000,fl oz,liquid,19.0000,19.0000,True
27,Mango Passion Fruit Fusion,fruit_concentrate,bottle x 64 oz,64.000000,fl oz,liquid,19.0000,19.0000,True
28,Pina Colada Fruit Fusion,fruit_concentrate,bottle x 64 oz,64.000000,fl oz,liquid,19.0000,19.0000,True
29,Watermelon Fruit Fusion,fruit_concentrate,bottle x 64 oz,64.000000,fl oz,liquid,19.0000,19.0000,True
30,Orange Creamsicle Fruit Fusion,fruit_concentrate,bottle x 64 oz,64.000000,fl oz,liquid,19.0000,19.0000,True
31,Cream Base,fruit_concentrate,bottle x 64 oz,64.000000,fl oz,liquid,19.9900,19.9900,True
32,Strawberry Fruit Puree,fruit_concentrate,bottle x 1 l,33.800000,fl oz,liquid,15.0000,15.0000,True
33,Chocolate Sauce,sauces,case,64.000000,fl oz,liquid,23.4900,23.4900,True
34,Pesto,sauces,case 3 x 30 oz,89.900000,fl oz,liquid,60.0900,60.0900,True
35,Mustard,sauces,case x 420 oz,420.000000,fl oz,liquid,29.0000,29.0000,True
36,Mayonnaise,sauces,case 4 x gal,60567.000000,oz,solid,42.7300,42.7300,True
37,Balsamic Vinegar,sauces,case,169.000000,fl oz,liquid,21.1400,21.1400,True
38,Lemon Juice,sauces,case,191.900000,fl oz,liquid,32.2500,32.2500,True
39,Olive Oil,sauces,canister x 1 gal,126.600000,fl oz,liquid,59.9500,59.9500,True
40,Vanilla Powder,powders,canister x 3 lb,48.000000,oz,solid,26.9900,26.9900,True
41,Chocolate Powder,powders,canister x 3 lb,64.000000,oz,solid,20.2100,20.2100,True
42,Taro Powder,powders,bag x 2.2 lb,35.200000,oz,solid,18.4900,18.4900,True
43,Icing Sugar,powders,case,1024.000000,oz,solid,22.4900,22.4900,True
44,Whey Protein,powders,case x 5 lb,80.000000,oz,solid,89.7500,89.7500,True
45,Tapioca Pearls,specialty,case,1361.000000,oz,solid,65.4900,65.4900,True
46,Crushed Oreo,specialty,case,16.000000,oz,solid,6.9900,6.9900,True
47,Honey Oat Granola,specialty,case 4 x 12 oz,48.000000,oz,solid,19.4900,19.4900,True
48,Chia Seeds,specialty,case,80.000000,oz,solid,37.4900,37.4900,True
49,Cooking Spray,specialty,case,17.000000,oz,solid,5.7900,5.7900,True
50,Orange Food Coloring,specialty,bottle x 10.5 oz,10.500000,fl oz,liquid,10.4900,10.4900,True
51,Seasoning Mix,specialty,case,9.900000,oz,solid,3.5200,3.5200,True
52,Water,beverages,case x 1 gal,128.000000,fl oz,liquid,19.0000,19.0000,True
53,Club Soda,beverages,case,288.000000,fl oz,liquid,17.9500,17.9500,True
54,Arugula,produce,bag x 4 lb,64.000000,oz,solid,21.8000,21.8000,True
55,Sliced Tomato,produce,case x 25 lb,380.000000,slice,each,26.0400,26.0400,True
56,Basil,produce,case,1.000000,oz,solid,7.3400,7.3400,True
57,Avocado,produce,unit,8.000000,unit,each,33.7500,33.7500,True
58,Dried Oregano,produce,case,23.900000,oz,solid,11.4900,11.4900,True
59,Capers,produce,jar x 16 oz,16.000000,oz,solid,5.9100,5.9100,True
60,Sliced Pickles,produce,jar x 1 gal,650.000000,unit,each,10.7400,10.7400,True
61,Scrambled Egg Patty,protein,case x 160 units,160.000000,unit,each,51.8900,51.8900,True
62,Turkey Bacon,protein,case 6 x 50 units,300.000000,unit,each,55.7500,55.7500,True
63,Turkey Sausage Patty,protein,case x 107 units,107.000000,unit,each,54.5500,54.5500,True
64,Smoked Salmon,protein,case 2 x 2.5 lb,80.000000,oz,solid,84.2800,84.2800,True
65,Chicken Breast Grilled,protein,case,3.800000,oz,solid,9.5000,9.5000,True
66,Proscuitto,protein,case 12 x 3 oz,72.000000,unit,each,50.6500,50.6500,True
67,Bread,bakery,unit,24.000000,loave,each,24.9400,24.9400,True
68,Focaccia,bakery,case x 55 units,55.000000,unit,each,63.9600,63.9600,True
69,Pinsa,bakery,case x 40 units,40.000000,unit,each,81.3900,81.3900,True
70,Pinsa Margherita,bakery,case x 10 units,10.000000,unit,each,64.2000,64.2000,True
71,Plain Bagel,bakery,case x 48 units,48.000000,unit,each,18.0000,18.0000,True
72,Everything Bagel,bakery,case 48 x 4 oz,48.000000,unit,each,27.0000,27.0000,True
73,Cinnamon Raisin Bagel,bakery,case,36.000000,unit,each,27.0000,27.0000,True
74,Chocolate Croissant,bakery,unit,48.000000,unit,each,61.5100,61.5100,True
75,All Butter Croissant,bakery,unit,50.000000,unit,each,53.9400,53.9400,True
76,Almond Croissant,bakery,case,50.000000,unit,each,56.6300,56.6300,True
77,Pistachio Croissant,bakery,case x 40 units,40.000000,unit,each,45.2200,45.2200,True
78,Glazed Apricot Croissant,bakery,case x 50 units,50.000000,unit,each,56.8700,56.8700,True
79,Spinach Kale and Cheese Croissant,bakery,unit,1.000000,unit,each,1.3000,1.3000,True
80,Doughnut Croissant,bakery,case,60.000000,unit,each,105.6700,105.6700,True
81,Spinach and Feta Danish,bakery,case x 36 units,36.000000,unit,each,74.5900,74.5900,True
82,Cheese Danish,bakery,case,12.000000,unit,each,27.4800,27.4800,True
83,Maple Pecan Danish,bakery,case x 40 units,40.000000,unit,each,55.9900,59.9900,True
84,Apple Butter Danish,bakery,case,60.000000,unit,each,92.2100,92.2100,True
86,Cherry Greek Yogurt Danish,bakery,case,60.000000,unit,each,13.7400,13.7400,True
87,Blueberry Cheesecake Danish,bakery,case,84.000000,unit,each,101.9900,101.9900,True
88,Leek and Parmesan Danish,bakery,case x 36 units,36.000000,unit,each,68.9900,68.9900,True
89,Lemon Danish,bakery,case x 84 units,84.000000,unit,each,90.9900,90.9900,True
90,Guava Danish,bakery,case x 84 units,84.000000,unit,each,49.9900,49.9900,True
91,Apple Square Danish,bakery,case,60.000000,unit,each,6.8700,6.8700,True
92,Tomato and Olive Danish,bakery,case x 36 units,36.000000,unit,each,74.5900,74.5900,True
93,Strawberry Danish,bakery,case x 84 units,84.000000,unit,each,115.2300,115.2300,True
94,Berries and Cream Twist Danish,bakery,case,6.000000,unit,each,10.7400,10.7400,True
96,Cheese Square Danish,bakery,case,66.000000,unit,each,113.1000,113.1000,True
97,Cinnamon Roll,bakery,case,24.000000,unit,each,58.7000,58.7000,True
98,Blueberry Scone,bakery,case,12.000000,unit,each,5.3800,5.3800,True
99,Chocolate Chip Cookie,bakery,case,80.000000,unit,each,79.9900,79.9900,True
100,Chocolate Chip Muffin,bakery,case,12.000000,unit,each,14.9400,14.9400,True
101,Pistachio Muffin,bakery,case x 20 units,20.000000,unit,each,33.7300,33.7300,True
102,Banana Nut Muffin,bakery,case,12.000000,unit,each,14.9400,14.9400,True
103,Cacao Muffin,bakery,case,20.000000,unit,each,33.7300,33.7300,True
104,Chocolate Eclair,bakery,case,14.000000,unit,each,28.4900,28.4900,True
105,Vanilla Eclair,bakery,case x 14 units,14.000000,unit,each,28.4900,28.4900,True
106,Coffee Eclair,bakery,case,14.000000,unit,each,28.4900,28.4900,True
107,Tart Mixed Berry,bakery,case x 12 units,12.000000,unit,each,45.2400,45.2400,True
108,Macarons French,bakery,case x 48 units,48.000000,unit,each,161.2800,161.2800,True
109,Tiramisu,bakery,case x 15 units,15.000000,unit,each,41.0400,41.0400,True
110,Tiramisu with Ladyfingers,bakery,case x 15 units,15.000000,unit,each,46.1400,46.1400,True
114,Chocolate Temptation Cake,bakery,case,12.000000,unit,each,44.8100,44.8100,True
115,Carrot Cake,bakery,case,16.000000,unit,each,48.1000,48.1000,True
116,Cappuccino Cake,bakery,case,12.000000,unit,each,37.3900,37.3900,True
117,Cake Torta Nocciola,bakery,case,10.000000,unit,each,35.0500,35.0500,True
118,Chocolate Fondant Cake,bakery,case,16.000000,unit,each,48.9700,48.9700,True
119,Tres Leches Cake,bakery,case x 15 units,15.000000,unit,each,31.7200,31.7200,True
120,Red Velvet Mini Gluten Free Cake,bakery,case x 16 units,16.000000,unit,each,74.1300,74.1300,True
121,Ricotta and Pistachio Cake,bakery,case x 12 units,12.000000,unit,each,40.9300,40.9300,True
122,Pistachio Cheesecake,bakery,case x 16 units,16.000000,unit,each,42.1700,42.1700,True
123,Dulce de Leche Cheesecake,bakery,case,16.000000,unit,each,41.3900,41.3900,True
124,Strawberry Cheesecake,bakery,case x 14 units,14.000000,unit,each,39.3400,39.3400,True
125,Chocolate Ganache Cheesecake,bakery,case,16.000000,unit,each,42.2200,42.2200,True
126,Brownie Cheesecake,bakery,case,24.000000,unit,each,53.4100,53.4100,True
127,Acqua Panna,resale_beverage,unit,24.000000,unit,each,36.9500,36.9500,True
128,San Pellegrino,resale_beverage,case 24 x 500 ml,24.000000,unit,each,25.0000,25.0000,True
129,San Pellegrino Aranciata,resale_beverage,case 24 x 11.5 oz,24.000000,unit,each,24.9900,24.9900,True
130,San Pellegrino Ciao Lime,resale_beverage,case x 6 units,6.000000,unit,each,0.9900,0.9900,True
131,San Pellegrino Limonata,resale_beverage,case 24 x 11.5 oz,24.000000,unit,each,24.9900,24.9900,True
132,A Siciliana Aranciata,resale_beverage,case,24.000000,unit,each,24.9900,24.9900,True
133,A Siciliana Limonata,resale_beverage,case,24.000000,unit,each,31.2000,31.2000,True
134,A Siciliana Mandarino,resale_beverage,case,24.000000,unit,each,31.2000,31.2000,True
135,A Siciliana Melograno,resale_beverage,case,19.000000,unit,each,31.2000,31.2000,True
136,Bundaberg Ginger Beer,resale_beverage,unit,1.000000,unit,each,1.5000,1.5000,True
137,Apple Juice,resale_beverage,case,12.000000,unit,each,36.8600,36.8600,True
138,Black River Pear Juice,resale_beverage,unit,1.000000,unit,each,2.5000,2.5000,True
139,Five Star Apple Juice,resale_beverage,unit,1.000000,unit,each,3.0000,3.0000,True
140,Five Star Cranberry Juice,resale_beverage,unit,1.000000,unit,each,3.0000,3.0000,True
141,Five Star Orange Juice,resale_beverage,unit,1.000000,unit,each,3.0000,3.0000,True
142,Five Star Pineapple Juice,resale_beverage,unit,1.000000,unit,each,3.0000,3.0000,True
143,Orange Tropicana Juice,resale_beverage,unit,1.000000,unit,each,5.5000,5.5000,True
144,Apple Tropicana Juice,resale_beverage,case,24.000000,unit,each,31.2000,31.2000,True
145,Simply Orange Juice,resale_beverage,unit,1.000000,unit,each,5.5000,5.5000,True
146,Natalie's Pineapple Cucumber and Celery,resale_beverage,unit,1.000000,unit,each,5.0000,5.0000,True
147,Energy Drink Celsius Orange,resale_beverage,case 12 x 12 oz,12.000000,unit,each,28.7500,28.7500,True
148,Energy Drink Celsius Watermelon,resale_beverage,case 12 x 12 oz,12.000000,unit,each,23.1000,23.1000,True
149,Energy Drink Celsius Mango Lemonade,resale_beverage,case 12 x 12 oz,12.000000,unit,each,28.6900,28.6900,True
150,Energy Drink Celsius Peach Vibe,resale_beverage,case 12 x 12 oz,12.000000,unit,each,28.6900,28.6900,True
151,Energy Drink Celsius Tropical Vibe,resale_beverage,case 12 x 12 oz,12.000000,unit,each,28.7500,28.7500,True
152,Energy Drink Celsius Wildberry,resale_beverage,case 12 x 12 oz,12.000000,unit,each,26.7500,26.7500,True
153,Energy Drink Celsius Artic Vibe,resale_beverage,case 12 x 12 oz,12.000000,unit,each,28.7500,28.7500,True
154,Energy Drink Celsius Kiwi Guava,resale_beverage,case 12 x 12 oz,12.000000,unit,each,23.0900,23.0900,True
155,Energy Drink Celsuis Strawberry Lemonade,resale_beverage,case 12 x 12 oz,12.000000,unit,each,28.6900,28.6900,True
156,Water Bottle Smart,resale_beverage,unit,1.000000,unit,each,0.9500,0.9500,True
157,Flavored Water Mango Pineapple Splash,resale_beverage,unit,1.000000,unit,each,1.5000,1.5000,True
158,Espresso,coffee,case 6 x 1 kg,211.600000,oz,solid,188.1600,188.1600,True
159,Ice Cubes,beverages,bottle x 1 l,33.800000,oz,solid,0.5000,0.5000,True
160,Whipped Cream,dairy,case 10 x 14 oz,140.000000,oz,solid,24.9500,24.9500,True
161,Beef Pepperoni,specialty,case 2 x 5 lb,160.000000,oz,solid,110.9900,110.9900,True
162,Salt,specialty,case x 26 oz,24.900000,oz,solid,2.4900,2.4900,True
163,Brewed Tea,tea,case x 3 gal,384.000000,fl oz,liquid,0.2500,0.2500,True
164,Cappuccino Foam,dairy,case x 1 gal,128.000000,oz,solid,4.8700,4.8700,True
165,Cold Foam Coconut,dairy,case 12 x 32 oz,383.900000,fl oz,liquid,40.6900,40.6900,True
166,Tiramisu Toasted Almond,bakery,case x 15 units,15.000000,unit,each,41.0400,41.0400,True
167,All Butter Curved Croissant,bakery,case,50.000000,unit,each,68.9700,68.9700,True
168,All Butter Curved Mini Croissant,bakery,case,150.000000,unit,each,77.5900,77.5900,True
169,Vegan Croissant,bakery,case x 48 units,48.000000,unit,each,67.4400,67.4400,True
170,Multigrain Muffin,bakery,case x 20 units,20.000000,unit,each,33.7300,33.7300,True
171,Strawberry Sprint,specialty,case 8 x 1.32 kg,373.000000,oz,solid,193.7100,193.7100,True
172,White Base Sprint,specialty,case x 12 units,390.000000,oz,solid,180.4100,180.4100,True
173,Pineapple Syrup,syrups,bottle x 1 l,33.800000,fl oz,liquid,11.9900,11.9900,True
174,Avocado Cheesecake,bakery,case 8 units,8.000000,unit,each,4.9900,4.9900,True
175,Chocolate Mousse Glass,bakery,case x 12 units,1.000000,unit,each,4.4700,4.4700,True
176,Chocolate Truffle Cake,bakery,case,12.000000,unit,each,107.5200,107.5200,True
177,Blueberry and Chocolate Chips Vegan Croissant,bakery,case x 48 units,48.000000,unit,each,67.4400,67.4400,True
178,Raspberry Passion Fruit Cake,bakery,case 12 x 4.1 oz,12.000000,unit,each,41.7500,41.7500,True
179,Sicilian Cannoli,bakery,case x 10 units,10.000000,unit,each,36.3100,36.3100,True
180,Pistachio Profiteroles,bakery,case x 24 units,24.000000,unit,each,39.5300,39.5300,True
181,Traditional Cheesecake,bakery,case x 14 units,14.000000,unit,each,32.2100,32.2100,True
182,Truffle Royale Cake,bakery,case x 14 units,14.000000,unit,each,44.5000,44.5000,True
183,Muffin Classico,bakery,case x 20 units,21.000000,unit,each,33.7300,33.7300,True
184,Chocolate Sprint,gelato_paste,case x 12 units,423.000000,oz,solid,204.1600,204.1600,True
185,Lemon Blueberry Crumb Cheesecake,bakery,case x 16 units,1.000000,unit,each,2.5000,2.5000,True
237,A'siciliana Pomegranate,Beverages,case,24.000000,unit,each,31.2000,31.2000,True
238,A'siciliana Blood Orange,Beverages,case,24.000000,unit,each,31.2000,31.2000,True
243,Cake Limoncello Mascarpone,TOI - Bindi,case,12.000000,unit,each,42.2000,42.2000,True
245,Cheesecake Mini Key Lime,TOI - Bindi,case,16.000000,unit,each,48.3000,48.3000,True
246,Ciabattina Rustica,Bakery,case,34.000000,unit,each,39.4500,39.4500,True
248,Croissant Glazed Pistachio,Bakery,case,40.000000,unit,each,45.2200,45.2200,True
251,Maritizzo,TOI - Bindi,case,12.000000,unit,each,41.5800,41.5800,True
252,Mini Pain Au Chocolat,TOI - Bindi,case,150.000000,unit,each,86.7000,86.7000,True
261,Mini Danish Assortment,Bakery,case,80.000000,unit,each,53.0000,53.0000,True
265,Berry Wild,Beverages,case,12.000000,unit,each,28.7500,28.7500,True
266,Kiwi Guava,Beverages,case,12.000000,unit,each,28.7500,28.7500,True
270,Muffin Pumpkin Cheese,Bakery,case,12.000000,unit,each,17.4500,17.4500,True
275,Caramel Flavoring Sauce,Other,bottle x 64 oz,64.000000,fl oz,liquid,19.6000,19.6000,True
277,Vanilla Flavored Frappe Beverage Base,Other,canister x 3 lb,48.000000,oz,solid,20.2100,20.2100,True
278,White Chocolate Flavoring Sauce,Other,bottle x 64 oz,64.000000,fl oz,liquid,19.6000,19.6000,True
281,Just Bagels Bagel Cheese Asiago,Bakery,case 8 x 6 units,48.000000,unit,each,56.7500,56.7500,True
313,Caramel Sugar Free Syrup,Syrups - Monin,bottle x 750 ml,25.300000,fl oz,liquid,6.7500,6.7500,True
314,Caramel Syrup,Syrups - Monin,bottle x 750 ml,25.300000,fl oz,liquid,6.7500,6.7500,True
315,Cinnamon Syrup,Syrups - Monin,bottle x 750 ml,25.300000,fl oz,liquid,6.7500,6.7500,True
317,Lavender Syrup,Syrups - Monin,bottle x 750 ml,25.300000,fl oz,liquid,6.7500,6.7500,True
318,Pistachio Syrup,Syrups - Monin,bottle x 750 ml,25.300000,fl oz,liquid,6.7500,6.7500,True
319,Pure Cane Syrup,Syrups - Monin,bottle x 750 ml,25.300000,fl oz,liquid,6.7500,6.7500,True
323,Pregel Butter Pecan,Gelato,case 12 x 1.81 lb,347.520000,oz,solid,174.7800,174.7800,True
324,Pregel Mango Sprint,Gelato,case 12 x 1.1 kg,465.600000,oz,solid,216.5500,216.5500,True
325,Pregel Pistachio Paste,Gelato,case 2 x 2.5 kg,176.370000,oz,solid,628.2600,628.2600,True
339,Bagel Sesame,Bakery,case x 12 units,12.000000,unit,each,11.4100,11.4100,True
343,Croissant Butter All Natural,Bakery,case x 14 units,14.000000,unit,each,15.7400,15.7400,True
352,Muffin Lemon With raspberry,Bakery,case x 12 units,12.000000,unit,each,22.1200,22.1200,True
353,Muffin Morning Glory,Bakery,case x 16 units,16.000000,unit,each,13.3500,13.3500,True
354,Muffin Zucchini. Chia. Pumpkin and Sunflower Seeds,Bakery,case x 12 units,12.000000,unit,each,18.1300,18.1300,True
356,Jalapeno & Cheddar Cheese. Slcd,Bakery,case x 12 units,12.000000,unit,each,12.6800,12.6800,True
358,Rustic Plain 4 X 4,Bakery,case x 36 units,36.000000,unit,each,26.1600,26.1600,True
361,Bear Claws,Bakery,tray x 11 units,11.000000,unit,each,19.7900,19.7900,True
365,Banana. W/ Nutella,Bakery,case x 12 units,12.000000,unit,each,22.1300,22.1300,True
366,Blueberry,Bakery,tray x 8 units,8.000000,unit,each,2.2900,2.2900,True
367,Churro. W/ Dulce de Leche,Bakery,case x 12 units,12.000000,unit,each,22.1300,22.1300,True
369,Orange Cranberry Tulip Cup,Bakery,tray x 8 units,8.000000,unit,each,14.9400,14.9400,True
370,Original Bran,Bakery,case x 12 units,12.000000,unit,each,14.9400,14.9400,True
371,Lemon,Bakery,case x 12 units,12.000000,unit,each,20.6000,20.6000,True
373,Mixed Berry,Bakery,tray x 15 units,15.000000,unit,each,21.8900,21.8900,True
374,Cinnamon Crumb,Bakery,piece 12 x 2 loaves,24.000000,loave,each,24.9400,24.9400,True
375,Caramel Sugar Free Syrup Case 4L,Syrups - Monin,case 4 x 1 l,135.200000,fl oz,liquid,38.1300,38.1300,True
376,Cookie Butter Syrup,Syrups - Monin,case 4 x 1 l,135.200000,fl oz,liquid,38.5700,38.5700,True
377,Hazelnut Sugar Free Syrup,Syrups - Monin,case 4 x 1 l,135.200000,fl oz,liquid,38.3500,38.3500,True
378,Lavender Syrup Case 4L,Syrups - Monin,case 4 x 1 l,135.200000,fl oz,liquid,33.8900,33.8900,True
379,Macadamia Nut Syrup,Syrups - Monin,case 4 x 1 l,135.200000,fl oz,liquid,34.0100,34.0100,True
380,Pistachio Syrup Case 4L,Syrups - Monin,case 4 x 1 l,135.200000,fl oz,liquid,36.5600,36.5600,True
381,Pure Cane Syrup Case 4L,Syrups - Monin,case 4 x 1 l,135.200000,fl oz,liquid,31.8400,31.8400,True
382,Strawberry Syrup,Syrups - Monin,bottle x 1 l,33.800000,fl oz,liquid,6.4700,6.4700,True
383,Toasted Marshmallow Syrup,Syrups - Monin,case 4 x 1 l,135.200000,fl oz,liquid,37.4500,37.4500,True
386,Yuzu Syrup,Syrups - Monin,case 4 x 1 l,135.200000,fl oz,liquid,70.6700,70.6700,True
389,Cheesecake Mini Pumpkin,TOI - Bindi,case,16.000000,unit,each,50.6700,50.6700,True
390,Poppi Cherry Limeade Prebiotic,Beverages,case 12 x 12 oz,12.000000,unit,each,21.7900,21.7900,True
391,Poppi Raspberry Rose Prebiotic,Beverages,case 12 x 12 oz,12.000000,unit,each,21.7900,21.7900,True
392,Poppi Strawberry Lemon Prebiotic,Beverages,case 12 x 12 oz,12.000000,unit,each,21.7900,21.7900,True
394,Tea Unsweetened Iced,Beverages,case 12 x 18.5 oz,12.000000,unit,each,22.7900,22.7900,True
395,Tea Sweet Iced,Beverages,case 12 x 18.5 oz,12.000000,unit,each,22.7900,22.7900,True
396,Cake Lemon Mousse,TOI - Bindi,case,14.000000,unit,each,38.5000,38.5000,True
397,Cake Mango Passion,TOI - Bindi,case,14.000000,unit,each,41.2500,41.2500,True
398,Cake Monterosa,TOI - Bindi,case,12.000000,unit,each,42.6700,42.6700,True
399,Croissant Plain Vegan,Bakery,case,40.000000,unit,each,56.9500,56.9500,True
400,Chocolate Twist,Bakery,case,80.000000,unit,each,114.9000,114.9000,True
406,Croissant Tomato Parmesan,Bakery,case,72.000000,unit,each,130.7900,130.7900,True
408,Souffle Spinach and Cheese,Bakery,case,30.000000,unit,each,106.6400,106.6400,True
409,Turnover Blueberry Turnover,Bakery,case,60.000000,unit,each,132.4800,132.4800,True
410,Turnover Peach,Bakery,case,60.000000,unit,each,124.3200,124.3200,True
411,C'est Gourmet Kouign Amann,Bakery,case,40.000000,unit,each,84.1500,84.1500,True
413,Pistachio Milk Barista Specialty,Specialty Milks,case,383.900000,fl oz,liquid,47.0000,47.0000,True
414,Soy Milk Barista Specialty,Specialty Milks,case 12 x 32 oz,383.900000,fl oz,liquid,28.0000,28.0000,True
415,Daily Greens Juice,Beverages,case 6 x 15.2 oz,6.000000,unit,each,28.9100,28.9100,True
416,Daily Roots + Ginger Juice,Beverages,case 6 x 15.2 oz,6.000000,unit,each,27.6000,27.6000,True
417,Orange Juice,Beverages,case 6 x 15.2 oz,6.000000,unit,each,27.2300,27.2300,True
418,Vitality Shot,Beverages,case 24 x 2 oz,24.000000,unit,each,74.8400,74.8400,True
419,Wellness Shot,Beverages,case 24 x 2 oz,24.000000,unit,each,74.8400,74.8400,True
420,Oregon Spearmint & Peppermint Herbal Tea / 20 Ct,Tea,case 6 x 20 units,120.000000,unit,each,32.4000,32.4000,True
421,Cucumber,Beverages,case 12 x 12 oz,12.000000,unit,each,22.0300,22.0300,True
423,Ginger & Key Lime,Beverages,case 12 x 12 oz,12.000000,unit,each,27.0600,27.0600,True
424,Hibiscus & Rose,Beverages,case 12 x 12 oz,13.000000,unit,each,22.0300,22.0300,True
425,Orange + Mandarin,Beverages,case 12 x 12 oz,12.000000,unit,each,27.0000,27.0000,True
426,Pineapple & Pink Grapefruit,Beverages,case 12 x 12 oz,12.000000,unit,each,23.2400,23.2400,True
427,Sic Lemon Iced Tea,Beverages,case 12 x 12 oz,12.000000,unit,each,27.0300,27.0300,True
429,Cranberry X,Beverages,case x 12 units,12.000000,unit,each,36.8600,36.8600,True
430,Mango X,Beverages,case x 12 units,12.000000,unit,each,37.4400,37.4400,True
431,Orange X,Beverages,case x 12 units,12.000000,unit,each,36.5000,36.5000,True
432,Pear X,Beverages,case x 12 units,12.000000,unit,each,38.5400,38.5400,True
433,Pineapple X,Beverages,case x 12 units,12.000000,unit,each,37.4400,37.4400,True
436,Brownie,Bakery,case,12.000000,unit,each,21.6100,21.6100,True
439,Cusanos Bagel Jalapeno Cheddar Sliced,Bakery,case,12.000000,unit,each,16.9800,16.9800,True
442,Cusanos Ciabatta Med,Bakery,case,12.000000,unit,each,13.9800,13.9800,True
444,Rasp. Lemon Sugar Tulip,Bakery,case,12.000000,unit,each,23.0500,23.0500,True
445,Cusanos Quesito Lg Ind,Bakery,case,12.000000,unit,each,33.0800,33.0800,True
446,Coppa Gelato Cafe,Gelato,case,6.000000,unit,each,29.1700,29.1700,True
447,Coppa Gelato Spagnola,Gelato,case,6.000000,unit,each,29.1700,29.1700,True
448,Coppa Gelato Pistachio,Gelato,case,6.000000,unit,each,29.1700,29.1700,True
449,Croissant Cream Filled,Bakery,case,50.000000,unit,each,56.8700,56.8700,True
450,Turnover Apple,Bakery,case,48.000000,unit,each,70.7300,70.7300,True
451,Caramel Pecan Bar,Bakery,case,21.000000,unit,each,60.2900,60.2900,True
452,Mini Bomboloni Cocoa & Hazelnut,Bakery,case,104.000000,unit,each,63.6400,63.6400,True
455,Danish Raspberry Cheesecake,Bakery,case,84.000000,unit,each,102.0700,102.0700,True
456,Just Baked Muffin Blueberry,Bakery,bag x 18 units,18.000000,unit,each,35.8200,35.8200,True
462,Cake Original Crumb,Bakery,case x 4 units,4.000000,unit,each,9.1600,9.1600,True
463,Cake Plain Pound,Bakery,case x 2 units,2.000000,unit,each,4.9800,4.9800,True
465,Cookies Black and White,Bakery,case x 3 units,3.000000,unit,each,8.3700,8.3700,True
467,Danish Blueberry,Bakery,case x 3 units,3.000000,unit,each,6.8700,6.8700,True
470,Danish Raspberry,Bakery,case x 4 units,4.000000,unit,each,9.1600,9.1600,True
472,Scone Chocolate Chip Scone,Bakery,case x 2 units,2.000000,unit,each,5.3800,5.3800,True
473,Turnover Apple Case 2,Bakery,case x 2 units,2.000000,unit,each,4.5800,4.5800,True
512,Cinnamon Bun Pecan Sticky,Bakery,case x 6 units,6.000000,unit,each,12.6900,12.6900,True
513,Cinnamon Bun with Icing,Bakery,tray x 6 units,6.000000,unit,each,9.7300,9.7300,True
537,Two Cup Carrier,Cups / Paper / Disposables,case,1.000000,,each,180.0000,180.0000,True
538,Lotus - 1 Oz Dispenser Pump,Racks & Accesories,each,1.000000,,each,3.0000,3.0000,True
539,Lotus - 3 Bottle Rack,Racks & Accesories,piece,1.000000,,each,29.9900,29.9900,True
561,Pistachio Milk,Specialty Milks,case 12 x 32 oz,383.900000,fl oz,liquid,47.0000,47.0000,True
562,Soy Milk,Specialty Milks,case 12 x 32 oz,383.900000,fl oz,liquid,40.8000,40.8000,True
570,Mango & Thai Basil,Beverages,case 12 x 12 oz,12.000000,unit,each,27.0600,27.0600,True
573,Perfect Chocolatine,Bakery,case,60.000000,unit,each,58.1900,58.1900,True
591,Oil Olive,Ingredients,case,127.000000,fl oz,liquid,54.8900,54.8900,True
602,Margherita Bistro,Bakery,case,36.000000,unit,each,77.2200,77.2200,True
605,Milk Oat Barista,Specialty Milks,case,384.000000,fl oz,liquid,31.5000,31.5000,True
606,Guacamole Fresh Pico Blend Packaged,Ingredients,case,191.900000,oz,solid,51.6900,51.6900,True
608,Wiper Towel Pink Diamond 11.5 X 24 Dry,Cleaning Supplies,case,200.000000,unit,each,39.9900,39.9900,True
609,Sauce Hot Portion Control,Ingredients,case,200.000000,unit,each,15.9900,15.9900,True
610,Balsamic Glaze,Ingredients,case,105.000000,fl oz,liquid,30.0000,30.0000,True
611,Muffin Blueberry Thaw N Serve,Bakery,case,12.000000,unit,each,19.3900,19.3900,True
612,Muffin Cranberry Orange Thaw & Serve,Bakery,case,12.000000,unit,each,17.4500,17.4500,True
613,Sugar Packet Cane,Ingredients,case,2000.000000,unit,each,44.6900,44.6900,True
615,Coconut Jelly,Ingredients,unit,141.100000,oz,solid,26.4900,26.4900,True
617,Sweet Ground Chocolate Powder,Other,canister x 3 lb,48.000000,oz,solid,20.2100,20.2100,True
620,Sweet Ground Chocolate Powder 3lb,Other,canister x 3 lb,18.000000,oz,solid,20.2100,20.2100,True
621,Pistachios Roasted Chopped.,Ingredients,case x 1 kg,35.200000,oz,solid,47.8000,47.8000,True
622,Honey Pure Clover Grade a True Source Certifie,Ingredients,case 12 x 12 oz,144.000000,fl oz,liquid,55.1400,55.1400,True
623,Tomato Roma Jumbo Fresh,Produce,case x 25 lb,380.000000,slice,each,26.0400,26.0400,True
625,Biscoff Creamy Cookie Butter,Ingredients,Unit,1.000000,,each,17.4900,17.4900,True
629,Cookie Crumbs,Ingredients,case x 25 lb,399.900000,oz,solid,149.9100,149.9100,True
630,Spread Chocolate Hazelnut,Waffle,case 2 x 6.6 lb,211.100000,oz,solid,67.2100,67.2100,True
633,Dough Roll Cinnamon Twirl,Bakery,case x 100 units,100.000000,unit,each,98.6500,98.6500,True
635,Sugar Turbinado,Ingredients,case 1200 x 4.5 g,1200.000000,unit,each,34.6200,34.6200,True
636,Sugar Substitute Packet Yellow,Ingredients,case x 2000 units,2000.000000,unit,each,36.7900,36.7900,True
642,Cinnamon Ground,Ingredients,case,1.000000,,each,10.2300,10.2300,True
644,Pad Scour Green 6 X 9 Antimicrobial,Cleaning Supplies,case,1.000000,,each,13.6500,13.6500,True
648,Creamer Half & Half,Dairy Products,case 12 x 32 oz,384.000000,oz,solid,56.8900,56.8900,True
649,Creamer Half and Half Portion Control Aseptic,Dairy Products,case x 384 units,384.000000,unit,each,31.8500,31.8500,True
650,Milk No fat,Dairy Products,case 25 x 8 oz,200.000000,oz,solid,13.9900,13.9900,True
652,Mandarin Soda Can,Beverages,case,24.000000,unit,each,31.2000,31.2000,True
656,Lemon Pound,Bakery,case x 3 units,3.000000,unit,each,7.4700,7.4700,True
662,Bindi - Croissant - Glazed Pistachio - (85 G),Bakery,Case,,,each,45.2200,45.2200,True
663,"Le Chef Bakery - Bagel - Jalapeno & Cheddar Cheese, Slcd",Bakery,Case,,,each,12.6800,12.6800,True
664,Le Chef Bakery - Bagel - Sesame,Bakery,Case,,,each,11.4100,11.4100,True
665,"Le Chef Bakery - Ciabata - Rustic Plain 4"" X 4""",Bakery,Case,,,each,26.1600,26.1600,True
666,"Le Chef Bakery - Muffin - Banana, W/ Nutella",Bakery,Case,,,each,22.1300,22.1300,True
667,"Le Chef Bakery - Muffin - Churro, W/ Dulce De Leche",Bakery,case,,,each,22.1300,22.1300,True
668,"Le Chef Bakery - Muffin - Lemon, W/Raspberry",Bakery,case x 12 units,12.000000,unit,each,22.1200,22.1200,True
669,"Le Chef Bakery - Muffin - Morning Glory, Tulip Cup",Bakery,case,,,each,13.3500,13.3500,True
670,"Le Chef Bakery - Muffin - Zucchini, Chia, Pumpkin & Sunflower Seeds",Bakery,case,,,each,18.1300,18.1300,True
671,Lkp - Cup Sleeves,"Cups, Paper & Disposables",case,,,each,164.0000,164.0000,True
672,Lkp - Double Wall Cup 12 Oz,"Cups, Paper & Disposables",Case,,,each,106.0000,106.0000,True
673,Lkp - Double Wall Cup 8 Oz,"Cups, Paper & Disposables",case,,,each,152.0000,152.0000,True
674,"Lkp - Drinking Lid For 12 ,16 , 20 & 24 Oz (Cold Cups)","Cups, Paper & Disposables",case,,,each,105.0000,105.0000,True
675,"Lkp - Lids For Paper Cups 12 , 16 , 20 , 24 Oz (Hot Cups)","Cups, Paper & Disposables",case,,,each,105.0000,105.0000,True
676,Lkp - Pet Plastic Cups 12 Oz,"Cups, Paper & Disposables",case,,,each,169.0000,169.0000,True
677,Lkp - Pet Plastic Cups 24Oz,"Cups, Paper & Disposables",case,,,each,237.0000,237.0000,True
678,Lkp - Pet Plastic Cups 32 Oz,"Cups, Paper & Disposables",case,,,each,329.0000,329.0000,True
679,Lkp - Plastic Straw For Cold Drink 0.6*23Cm,"Cups, Paper & Disposables",Case,,,each,225.0000,225.0000,True
680,Lkp - Plastic Straw For Cold Drink 1.2*23Cm,"Cups, Paper & Disposables",case,,,each,129.0000,129.0000,True
681,Lkp - Plastic Straw For Hot Drink 0.8*23 Cm,"Cups, Paper & Disposables",case,,,each,225.0000,225.0000,True
682,Lkp - Single Wall Cup 24 Oz,"Cups, Paper & Disposables",case,,,each,248.0000,248.0000,True
683,Lkp - Single Wall Cup 4 Oz,"Cups, Paper & Disposables",case,,,each,98.0000,98.0000,True
684,Bindi - Cake - Mango Passion (4.02 Oz.),Bakery - Bindi (TOI),case,,,each,41.2500,41.2500,True
685,Bindi - Cake - Monterosa (3.81 Oz.),Bakery - Bindi (TOI),case,,,each,42.6700,42.6700,True
686,C'Est Gourmet - Croissant - Tomato Parmesan,Bakery,Case,,,each,130.7900,130.7900,True
687,C'Est Gourmet - Souffle - Spinach & Cheese (4.75 Oz.),Bakery,Case,,,each,106.6400,106.6400,True
688,C'Est Gourmet - Turnover - Peach,Bakery,Case,,,each,124.3200,124.3200,True
689,Kimbo (Nat) - Caffee Crema - (1 K - 35.2 Oz),Coffee - Kimbo,Case,,,each,386.9000,386.9000,True
690,Kimbo (Nat) - Extra Cream 1 Kg,Coffee - Kimbo,Case,,,each,190.4000,190.4000,True
691,Kimbo (Nat) - Filtro 100% Arabica,Coffee - Kimbo,Case,,,each,196.0000,196.0000,True
692,Kimbo (Nat) - Prestige 1 Kg,Coffee - Kimbo,Case,,,each,207.2000,207.2000,True
693,Bindi - Cake - Limoncello Mascarpone (3.81 Oz.),Bakery - Bindi (TOI),case,,,each,42.2000,42.2000,True
694,Bindi - Coppa Gelato - Cafe - (4 Oz.),Gelato,Case,,,each,29.1700,29.1700,True
695,Bindi - Coppa Gelato - Spagnola - (3.52 Oz.),Gelato,case,,,each,29.1700,29.1700,True
696,Bindi - Coppa Gelato- Pistachio - (3.52 Oz.),Gelato,case,,,each,29.1700,29.1700,True
697,Bindi - Croissant - Cream Filled - (3.35 Oz.),Bakery,Case,,,each,56.8700,56.8700,True
698,Bridor - Danish - Raspberry Cheesecake - 3.53 Oz,Bakery,case x 84 units,84.000000,unit,each,102.0700,102.0700,True
699,A'Siciliana - Blood Orange Soda Can 11 Oz,Beverages,case,,,each,31.2000,31.2000,True
700,A'Siciliana - Pomegranate Soda Can 11 Oz,Beverages,case,,,each,31.2000,31.2000,True
701,Arrezzio - Red Pepper - Fire Roasted Strips,Ingredients,Case,,,each,77.3600,77.3600,True
702,Banquet D'Or - Croissant -Butter Almond Filled - Large - (3.53 Oz.),Bakery,case,,,each,59.7300,59.7300,True
703,Banquet D'Or - Croissant Straight - Large - (2.82 Oz.) 1/70 Ct,Bakery,case,,,each,91.6000,91.6000,True
704,Banquet D'Or - Croissant Straight - Large - (3.17 Oz.),Bakery,case,,,each,179.8800,179.8800,True
705,Bbrlimp (Sysco) - Cheese - Mozzarella Sli. (0.75 Oz.),Dairy Products,Case,,,each,45.5400,45.5400,True
706,Bindi - Cheesecake - Mini Key Lime - Indiv. Portion (4.93 Oz.),Bakery - Bindi (TOI),case,,,each,48.3000,48.3000,True
707,Bindi - Creme Brulee In Ramekin - (4.05 Oz.),Bakery,case,,,each,53.9500,53.9500,True
708,Bindi - Croissant - Glazed Apricot - (3.35 Oz.),Bakery,Case,,,each,53.0200,53.0200,True
709,Bindi - Donut - Croissant Style Ciambella Donut (2.82 Oz.),Bakery,case,,,each,40.9500,40.9500,True
710,Bridor - Caramel Almond Delicacy (3.17 Oz.),Bakery,case,,,each,61.1200,61.1200,True
711,Califia Farms - (Food Related) - Oat Milk - 32 Oz.,Specialty Milks,case,,,each,39.9800,39.9800,True
712,Celsius - Drink Energy - Orange Sparkling,Beverages,Case,,,each,28.7500,28.7500,True
713,Pregel - Pistachio Paste (Bucket),Gelato,case,,,each,628.2600,628.2600,True
714,Rieme - Sparkling Drink - Blood Orange (11 Oz.),Beverages,eacg,,,each,2.1700,2.1700,True
715,Rieme - Sparkling Drink -Grapefruit (11 Oz.),Beverages,unit,,,each,2.1500,2.1500,True
716,Tribeca - Ciabatta 16.8 Oz,Bakery,Case,,,each,54.0800,54.0800,True
717,Arrezzio - Sauce Pesto Basil W/ Nuts (32 Oz),Ingredients,case,,,each,116.0800,116.0800,True
718,Bindi - Cake - Mini Red Velvet Cake (3.84 Oz.),Bakery - Bindi (TOI),case,,,each,74.1300,74.1300,True
719,Block & Barrel - Cheese - Cheddar - Mild Sliced,Dairy Products,piece,,,each,48.1200,48.1200,True
720,Califia - Oat Milk - Barista (32 Fl. Oz. / Cs. 12),Specialty Milks,Cs,,,each,39.6000,39.6000,True
721,Celsius - Drink Energy - Mango Passion,Beverages,Case,,,each,19.9900,19.9900,True
722,Dannon - Yogurt - Plain Greek Non-Fat (32 Oz.),Dairy Products,case,,,each,36.3900,36.3900,True
723,"Fabbri - Base Nevepann Belpanna 100Cf- Bags 2,500Kg (5.5 Lb)",Gelato,Bag,,,each,80.4900,80.4900,True
724,"Fabbri - Delipaste Amarena - Tins 1,500Kg (3.3 Lb)",Gelato,Piece,,,each,60.9400,60.9400,True
725,"Fabbri - Delipaste Mango Eu - Tins 1,500Kg (3.3 Lb)",Gelato,Piece,,,each,55.9900,55.9900,True
726,"Fabbri - Delipaste Vanilla Super - Tins 1,500Kg (3.3 Lb)",Gelato,Piece,,,each,57.3400,57.3400,True
727,Galbani - Cheese - Mozzarella Fresh Sliced Thin (16 Oz),Dairy Products,case,,,each,43.9900,43.9900,True
728,Local (Oh) - Muffin - Banana Nut 12 Pk,Bakery,case,,,each,20.6000,20.6000,True
729,Local (Oh) - Muffin - Chocolate Chip 12 Pk,Bakery,case,,,each,20.6000,20.6000,True
730,Local (Oh) - Muffin - Coffee Cake 12 Pk,Bakery,case,,,each,20.6000,20.6000,True
731,Local (Oh) - Muffin - Cran Apple 12 Pk,Bakery,case,,,each,20.6000,20.6000,True
732,Local (Oh) - Muffin - Red Velvet 12 Pk,Bakery,case,,,each,20.6000,20.6000,True
733,Mccornick - Red Pepper - Crushed (13 Oz.),Ingredients,case,,,each,79.5000,79.5000,True
734,Sammy'S - Bagel - Cinnamon Raising (12 X 4 Oz.),Bakery,case,,,each,27.0000,27.0000,True
735,Sammy'S - Cake - Original Crumb,Bakery,case,,,each,9.1600,9.1600,True
736,Sammy'S - Cake - Plain Pound,Bakery,case,,,each,4.9800,4.9800,True
737,Sammy'S - Cookies - Black & White,Bakery,case,,,each,8.3700,8.3700,True
738,Sammy'S - Danish - Raspberry,Bakery,case x 4 units,4.000000,unit,each,9.1600,9.1600,True
739,Sammy'S - Muffin - Banana Nut (5 Oz.),Bakery,piece,,,each,2.2900,2.2900,True
740,Sammy'S - Muffin - Chocolate Chip (5 Oz.),Bakery,piece,,,each,2.2900,2.2900,True
741,Sammy'S - Muffin - Cinnamon Coffee (5 Oz.),Bakery,Piece,,,each,2.2900,2.2900,True
742,Sammy'S - Turnover - Apple,Bakery,case,,,each,4.5800,4.5800,True
743,Wholesome Farms - Butter Cup Usda Aa,Dairy Products,case,,,each,37.2100,37.2100,True
744,Oatly - (Food Related) - Oat Milk - 32 Oz.,Specialty Milks,piece,,,each,39.4100,39.4100,True
745,Bindi - Cheesecake - Mini Pumpkin - (0.69 Oz.),Bakery - Bindi (TOI),case,,,each,50.6700,50.6700,True
746,Pure Leaf/Lipton - Tea - Sweet Iced Tea W Lemon,Beverages,case,,,each,22.7700,22.7700,True
747,Pure Leaf/Lipton - Tea - Unsweetened Iced,Beverages,case,,,each,22.7900,22.7900,True
748,Pure Leaf/Lipton - Tea - Sweet Iced,Beverages,case,,,each,22.7900,22.7900,True
