ingredient_name,manufacturer_name,distributor_name,external_name,external_code,purchase_unit,units_per_pack
Strawberry Cheesecake,Bindi,,Cheesecake Alle Fragole,0026P,Case 14 units,14.0
Strawberry Cheesecake,Bindi,Food Related,Cheesecake Alle Fragole,GG-7536,Case 14 units,14.0
Strawberry Cheesecake,Bindi,Food Related,Cheesecake Alle Fragole,GG-7536 - NEW,Case 14 units,14.0
Strawberry Cheesecake,Bindi,French Bakery,Cheesecake Alle Fragole,CHEESECAKE ALLE FRAGOLE(PC 14),Case 14 units,14.0
Strawberry Cheesecake,Bindi,Greco & Sons,Cheesecake Alle Fragole,517291,Case 14 units,14.0
Strawberry Cheesecake,Bindi,Pointe Dairy,Cheesecake Alle Fragole,80026,Case 14 units,14.0
Strawberry Cheesecake,Bindi,Primizie,Cheesecake Alle Fragole,P- 0026P,Case 14 units,14.0
Strawberry Cheesecake,Bindi,IGF,Cheesecake Alle Fragole,26,Case 14 units,14.0
Traditional Cheesecake,Bindi,Pointe Dairy,Traditional New York Cheesecake,83300,Case 14 units,14.0
Chocolate Fondant Cake,Bindi,French Bakery,Chocolate Fondant,CHOCOLATE FONDANT (PC 16),Case 16 units,16.0
Chocolate Fondant Cake,Bindi,Primizie,Chocolate Fondant,P- 0040P,Case 16 units,16.0
Chocolate Fondant Cake,Bindi,,Chocolate Fondant,0040P,Case 16 units,16.0
Chocolate Ganache Cheesecake,Bindi,Food Related,Chocolate Ganache Cheesecake,GG-7531,Case 16 units,16.0
Chocolate Ganache Cheesecake,Bindi,French Bakery,Chocolate Ganache Cheesecake,CHOC. GANACHE CHEESECAKE(PC16),Case 16 units,16.0
Chocolate Ganache Cheesecake,Bindi,Primizie,Chocolate Ganache Cheesecake,P- 0043P,Case 16 units,16.0
Chocolate Ganache Cheesecake,Bindi,,Chocolate Ganache Cheesecake,0043P,Case 16 units,16.0
Chocolate Temptation Cake,Bindi,,Chocolate Temptation Precut,103,Case 12 units,12.0
Chocolate Temptation Cake,Bindi,Food Related,Chocolate Temptation Precut,GG-7373,Case 12 units,12.0
Chocolate Temptation Cake,Bindi,French Bakery,Chocolate Temptation Precut,T&S CHOCOLATE TEMPTATION (PC12),Case 12 units,12.0
Chocolate Temptation Cake,Bindi,Greco & Sons,Chocolate Temptation Precut,517515,Case 12 units,12.0
Chocolate Temptation Cake,Bindi,Pointe Dairy,Chocolate Temptation Precut,80103,Case 12 units,12.0
Chocolate Temptation Cake,Bindi,Primizie,Chocolate Temptation Precut,P- 103,Case 12 units,12.0
Chocolate Temptation Cake,Bindi,Food Related,Chocolate Temptation Precut,GG-7373-NEW,Case 12 units,12.0
Chocolate Temptation Cake,Bindi,Food Related,Chocolate Temptation Precut,GG-7373-4/06/26,Case 12 units,12.0
Ricotta and Pistachio Cake,Bindi,,Ricotta And Pistachio Cake Precut,146,Case 12 units,12.0
Ricotta and Pistachio Cake,Bindi,Food Related,Ricotta And Pistachio Cake Precut,GG-7370,Case 16 units,16.0
Ricotta and Pistachio Cake,Bindi,French Bakery,Ricotta And Pistachio Cake Precut,T&S RICOTTA& PISTACHIO CAKE (12 PC),Case 12 units,12.0
Ricotta and Pistachio Cake,Bindi,Food Related,Ricotta And Pistachio Cake Precut,GG-7370-NEW,Case 16 units,16.0
Ricotta and Pistachio Cake,Bindi,Food Related,Ricotta And Pistachio Cake Precut,GG-7370-4/06/26,Case 16 units,16.0
Chocolate Croissant,Bindi,Food Related,Mini Pain Au Chocolat,GG-7549,Case 150 units,150.0
Chocolate Croissant,Bindi,French Bakery,Mini Pain Au Chocolat,MINI BINDI PAIN AU CHOCOLAT (150/cs),Case 150 units,150.0
Chocolate Croissant,Bindi,Greco & Sons,Mini Pain Au Chocolat,517219,Case 150 units,150.0
Chocolate Croissant,Bindi,Food Related,Mini Pain Au Chocolat,GG-7549-3/26,Case 150 units,150.0
Chocolate Croissant,Bindi,Food Related,Mini Pain Au Chocolat,GG-7549- 4/06,Case 150 units,150.0
Raspberry Passion Fruit Cake,Bindi,,Raspberry Passion Fruit Cake,713,Case 12 units,12.0
Strawberry Cheesecake,Bindi,,Mini Cheesecake Alle Fragole,1026,Case 16 units,16.0
Sicilian Cannoli,Bindi,Food Related,Sicilian Cannoli,GG-7547,Case 10 units,10.0
Sicilian Cannoli,Bindi,Primizie,Sicilian Cannoli,P- 1032,Case 10 units,10.0
Sicilian Cannoli,Bindi,Food Related,Sicilian Cannoli,GG-7547-03/25,Case 10 units,10.0
Vegan Croissant,Bindi,Greco & Sons,Vegan Croissant Vuoto,511369,Case 48 units,48.0
All Butter Croissant,Bindi,,Plain Croissant,1222,Case 50 units,50.0
All Butter Croissant,Bindi,Food Related,Plain Croissant,GG-7430,Case 50 units,50.0
All Butter Croissant,Bindi,French Bakery,Plain Croissant,RTB BINDI CROISSANT (50/cs),Case 50 units,50.0
All Butter Croissant,Bindi,Greco & Sons,Plain Croissant,517170,Case 50 units,50.0
All Butter Croissant,Bindi,Pointe Dairy,Plain Croissant,80247,Case 50 units,50.0
All Butter Croissant,Bindi,Primizie,Plain Croissant,P-1222P,Case 50 units,50.0
All Butter Croissant,Bindi,,Plain Croissant,BIND1222,Case 50 units,50.0
All Butter Croissant,Bindi,IGF,Plain Croissant,247,Case 50 units,50.0
All Butter Croissant,Bindi,Food Related,Plain Croissant,GG-7430-NEW,Case 50 units,50.0
All Butter Croissant,Bindi,Food Related,Plain Croissant,GG-7430-03/25,Case 50 units,50.0
Chocolate Croissant,Bindi,,Chocolate Croissant,1223,Case 48 units,48.0
Chocolate Croissant,Bindi,Food Related,Chocolate Croissant,GG-7429,Case 48 units,48.0
Chocolate Croissant,Bindi,Greco & Sons,Chocolate Croissant,517171,Case 48 units,48.0
Chocolate Croissant,Bindi,Pointe Dairy,Chocolate Croissant,80240,Case 48 units,48.0
Chocolate Croissant,Bindi,Primizie,Chocolate Croissant,P- 1223P,Case 48 units,48.0
Chocolate Croissant,Bindi,IGF,Chocolate Croissant,240,Case 48 units,48.0
Chocolate Croissant,Bindi,Food Related,Chocolate Croissant,GG-7429-NEW,Case 48 units,48.0
Chocolate Croissant,Bindi,Food Related,Chocolate Croissant,GG-7429-4/06,Case 48 units,48.0
Tiramisu,Bindi,Greco & Sons,Tiramisù Individual,517013,Case 10 units,10.0
Tiramisu,Bindi,Pointe Dairy,Tiramisù Individual,88543,Case 10 units,10.0
Tiramisu,Bindi,Primizie,Tiramisù Individual,P- 1281,Case 10 units,10.0
Pistachio Profiteroles,Bindi,French Bakery,Pistachio Profiteroles,PISTACHIO PROFITEROLES 24 PUFFS/TRAY (8/cs),Case 8 units,8.0
Blueberry and Chocolate Chips Vegan Croissant,Bindi,,Cornetto Blueberry & Chocolate Chips Vegan,1529,Case 48 units,48.0
Pineapple Syrup,Bindi,Primizie,Pineapple Ripieno,P- 2012,Case 12 units,12.0
Coconut Syrup,Bindi,Primizie,Coconut Ripieno,P- 2013,Case 12 units,12.0
Tiramisu,Bindi,,Tiramisu Big,2118,Case 6 units,6.0
Tiramisu,Bindi,,Tiramisu Big (Pc 6),PP02118,Case 6 units,6.0
Cake Torta Nocciola,Bindi,,Torta Nocciola,2179,Case 10 units,10.0
Cake Torta Nocciola,Bindi,French Bakery,Torta Nocciola,TORTA NOCCIOLA (10/cs),Case 10 units,10.0
Cake Torta Nocciola,Bindi,Greco & Sons,Torta Nocciola,517250,Case 10 units,10.0
Cake Torta Nocciola,Bindi,Pointe Dairy,Torta Nocciola,82179,Case 10 units,10.0
Cake Torta Nocciola,Bindi,Food Related,Torta Nocciola,GG-7535,Case 10 units,10.0
Tiramisu Toasted Almond,Bindi,Food Related,Tiramisù Toasted Almond Whole,GG-7808,Case 20 units,20.0
Tiramisu Toasted Almond,Bindi,Food Related,Tiramisù Toasted Almond Whole,GG-7808-NEW,Case 20 units,20.0
Tiramisu Toasted Almond,Bindi,Food Related,Tiramisù Toasted Almond Whole,GG-7808-03/25,Case 20 units,20.0
Tiramisu With Ladyfingers,Bindi,Food Related,Tiramisu Big Ladyfingers Whole,GG-7389,Case 15 units,15.0
Tiramisu With Ladyfingers,Bindi,Food Related,Tiramisu Big Ladyfingers Whole,GG-7389-03/25,Case 15 units,15.0
Tiramisu With Ladyfingers,Bindi,Food Related,Tiramisu Big Ladyfingers Whole,GG-7389-04/10,Case 15 units,15.0
Tiramisu With Ladyfingers,Bindi,Food Related,Tiramisu Big Ladyfingers Pre-Cut Retail Box,GG-7544,Case 15 units,15.0
Tiramisu With Ladyfingers,Bindi,Food Related,Tiramisu Big Ladyfingers Pre-Cut Retail Box,GG-7544-NEW,Case 15 units,15.0
Tiramisu With Ladyfingers,Bindi,Food Related,Tiramisu Big Ladyfingers Pre-Cut Retail Box,GG-7544-NEW-2,Case 15 units,15.0
Tiramisu,Bindi,Food Related,Tiramisù Cup,GG-7397,Case 12 units,12.0
Tiramisu,Bindi,Food Related,Tiramisù Cup,GG-7519,Case 50 units,50.0
Tiramisu,Bindi,Food Related,Tiramisù Cup,GG-7397-4/06,Case 12 units,12.0
Tiramisu With Ladyfingers,Bindi,,Tiramisu Big Ladyfingers Pre-Cut,2817,Case 15 units,15.0
Tiramisu With Ladyfingers,Bindi,French Bakery,Tiramisu Big Ladyfingers Pre-Cut,T&S TIRAMISU BIG LADYFINGERS (PC 15),Case 15 units,15.0
Tiramisu With Ladyfingers,Bindi,Pointe Dairy,Tiramisu Big Ladyfingers Pre-Cut,88577,Case 15 units,15.0
Pinsa Margherita,Bindi,Food Related,Pinsa Margherita,GG-8293,Case 10 units,10.0
Pinsa Margherita,Bindi,,Pinsa Margherita,30014,Case 10 units,10.0
Truffle Royale Cake,Bindi,Pointe Dairy,Truffle Royale Cake,3402106,Case 14 units,14.0
Chocolate Truffle Cake,Bindi,Pointe Dairy,Chocolate Truffle Cake,300930,Case 12 units,12.0
Muffin Classico,Bindi,Food Related,Muffin Classico,GG-7380,Case 20 units,20.0
Multigrain Muffin,Bindi,Pointe Dairy,Multigrain Muffin,831102,Case 20 units,20.0
Chocolate Mousse Glass,Bindi,Pointe Dairy,Chocolate Mousse Glass,83149,Case 12 units,12.0
Tiramisu,Bindi,French Bakery,Tiramisu Round,T&S TIRAMISU ROUND (PC 12),Case 12 units,12.0
Tiramisu,Bindi,IGF,Tiramisu Round,2553,Case 12 units,12.0
Cappuccino Cake,Bindi,,Cappuccino Cake,3371,Case 12 units,12.0
Cappuccino Cake,Bindi,French Bakery,Cappuccino Cake,CAPPUCCINO CAKE (PC 12),Case 12 units,12.0
Cappuccino Cake,Bindi,Primizie,Cappuccino Cake,P- 3371,Case 12 units,12.0
Cappuccino Cake,Bindi,Food Related,Cappuccino Cake,GG-7374,Case 12 units,12.0
Cappuccino Cake,Bindi,Food Related,Cappuccino Cake,GG-7374-4/06/26,Case 12 units,12.0
All Butter Curved Mini Croissant,Bindi,French Bakery,Mini Croissant,MINI BINDI CROISSANT,Case 150 units,150.0
All Butter Curved Mini Croissant,Bindi,Food Related,Mini Croissant,GG-7550,Case 150 units,150.0
Brownie Cheesecake,Bindi,French Bakery,Cheesecake Brownie Square,CHEESECAKE BROWNIE (IND. WRAPPED) 24/cs,Case 24 units,24.0
Brownie Cheesecake,Bindi,Pointe Dairy,Cheesecake Brownie Square,88109,Case 24 units,24.0
Red Velvet Cake,Bindi,Food Related,Mini Red Velvet,GG-7383,Case 16 units,16.0
Avocado Cheesecake,Bindi,Food Related,Avocado Cheesecake,GG-7384,Case 8 units,8.0
Lemon Blueberry Crumb Cheesecake,Bindi,Pointe Dairy,Lemon Blueberry Crumb Cheesecake,88535,Case 16 units,16.0
Dulce de Leche Cheesecake,Bindi,Food Related,Dulce De Leche Cheesecake,GG-7528,Case 16 units,16.0
Dulce de Leche Cheesecake,Bindi,French Bakery,Dulce De Leche Cheesecake,DULCE DE LECHE CC (PC 16),Case 16 units,16.0
Dulce de Leche Cheesecake,Bindi,Greco & Sons,Dulce De Leche Cheesecake,515908,Case 16 units,16.0
Dulce de Leche Cheesecake,Bindi,Primizie,Dulce De Leche Cheesecake,P- 8561,Case 16 units,16.0
Dulce de Leche Cheesecake,Bindi,Food Related,Dulce De Leche Cheesecake,GG-7528-NEW,Case 16 units,16.0
Dulce de Leche Cheesecake,Bindi,Food Related,Dulce De Leche Cheesecake,GG-7528-NEW-2,Case 16 units,16.0
Dulce de Leche Cheesecake,Bindi,Food Related,Dulce De Leche Cheesecake,GG-7528-4/06,Case 16 units,16.0
Tres Leches Cake,Bindi,Pointe Dairy,Tres Leches Cake,88569,Case 15 units,15.0
Pistachio Cheesecake,Bindi,,Pistachio Cheesecake,8581,Case 16 units,16.0
Pistachio Cheesecake,Bindi,Food Related,Pistachio Cheesecake,GG-7527,Case 16 units,16.0
Pistachio Cheesecake,Bindi,French Bakery,Pistachio Cheesecake,T&S PISTACHIO CHEESECAKE (16/cs),Case 16 units,16.0
Pistachio Cheesecake,Bindi,Greco & Sons,Pistachio Cheesecake,515930,Case 16 units,16.0
Pistachio Cheesecake,Bindi,Primizie,Pistachio Cheesecake,P- 8581,Case 16 units,16.0
Pistachio Cheesecake,Bindi,Food Related,Pistachio Cheesecake,GG-7527-NEW,Case 16 units,16.0
Pistachio Cheesecake,Bindi,IGF,Pistachio Cheesecake,8581,Case 16 units,16.0
Pistachio Cheesecake,Bindi,Food Related,Pistachio Cheesecake,GG-7527-NEW-2,Case 16 units,16.0
Red Velvet Cake,Bindi,,Red Velvet,8586,Case 14 units,14.0
Red Velvet Cake,Bindi,Food Related,Red Velvet,GG-7525,Case 14 units,14.0
Red Velvet Cake,Bindi,French Bakery,Red Velvet,RED VELVET CAKE (PC 14),Case 14 units,14.0
Red Velvet Cake,Bindi,Greco & Sons,Red Velvet,515932,Case 14 units,14.0
Red Velvet Cake,Bindi,Pointe Dairy,Red Velvet,88586,Case 14 units,14.0
Red Velvet Cake,Bindi,Primizie,Red Velvet,P- 20407,Case 14 units,14.0
Red Velvet Cake,Bindi,Food Related,Red Velvet,GG-7525-NEW,Case 14 units,14.0
Red Velvet Cake,Bindi,IGF,Red Velvet,8586,Case 14 units,14.0
Red Velvet Cake,Bindi,Food Related,Red Velvet,GG-7525-NEW-2,Case 14 units,14.0
Chocolate Eclair,Bindi,Food Related,Chocolate Eclair,GG-7517,Case 14 units,14.0
Chocolate Eclair,Bindi,French Bakery,Chocolate Eclair,T&S CHOCOLATE ECLAIR (14/cs),Case 14 units,14.0
Chocolate Eclair,Bindi,Greco & Sons,Chocolate Eclair,518100,Case 14 units,14.0
Chocolate Eclair,Bindi,Greco & Sons,Chocolate Eclair,518100 - 3/30,Case 14 units,14.0
Chocolate Eclair,Bindi,Primizie,Chocolate Eclair,P- 9001,Case 14 units,14.0
Chocolate Eclair,Bindi,IGF,Chocolate Eclair,107001,Case 14 units,14.0
Chocolate Eclair,Bindi,Food Related,Chocolate Eclair,GG-7517-NEW,Case 14 units,14.0
Chocolate Eclair,Bindi,Food Related,Chocolate Eclair,GG-7517-NEW-2,Case 14 units,14.0
Chocolate Eclair,Bindi,,Chocolate Eclair,9001,Case 14 units,14.0
Vanilla Eclair,Bindi,Food Related,Vanilla Eclair,GG-7516,Case 14 units,14.0
Vanilla Eclair,Bindi,French Bakery,Vanilla Eclair,T&S VANILLAECLAIR (14/cs),Case 14 units,14.0
Vanilla Eclair,Bindi,Greco & Sons,Vanilla Eclair,518101,Case 14 units,14.0
Vanilla Eclair,Bindi,Primizie,Vanilla Eclair,P- 9002,Case 14 units,14.0
Vanilla Eclair,Bindi,Food Related,Vanilla Eclair,GG-7516-NEW,Case 14 units,14.0
Vanilla Eclair,Bindi,Food Related,Vanilla Eclair,GG-7516-NEW-2,Case 14 units,14.0
Vanilla Eclair,Bindi,,Vanilla Eclair,9002,Case 14 units,14.0
Macarons French,Bindi,Food Related,Macaron French Collection,GG-7546,Case 144 units,144.0
Macarons French,Bindi,French Bakery,Macaron French Collection,MACARON FRENCH COLLECTION (144/cs),Case 144 units,144.0
Macarons French,Bindi,Greco & Sons,Macaron French Collection,517216,Case 144 units,144.0
Macarons French,Bindi,Primizie,Macaron French Collection,P- 9100,Case 144 units,144.0
Muffin Classico,Bindi,Greco & Sons,Muffin Classico,520878,Case 20 units,20.0
Focaccia,Bindi,Greco & Sons,Focaccia Evoo,509520,Case 5 units,5.0
All Butter Curved Mini Croissant,Bindi,,Mini Croissant,600,Case 150 units,150.0
Chocolate Croissant,Bindi,,Mini Pain Au Chocolat,602,Case 150 units,150.0
Pinsa Margherita,Bindi,Greco & Sons,Pinsa Margherita,40893830,Case 10 units,10.0
Chocolate Ganache Cheesecake,Bindi,Greco & Sons,Chocolate Ganache Cheesecake,517017,Case 16 units,16.0
Chocolate Fondant Cake,Bindi,Greco & Sons,Chocolate Fondant,517045,Case 16 units,16.0
All Butter Curved Mini Croissant,Bindi,Greco & Sons,Mini Croissant,517223,Case 150 units,150.0
Lemon Blueberry Crumb Cheesecake,Bindi,Greco & Sons,Lemon Blueberry Crumb Cheesecake,517252,Case 16 units,16.0
Cappuccino Cake,Bindi,Greco & Sons,Cappuccino Cake,517280,Case 12 units,12.0
Chocolate Eclair,Bindi,Greco & Sons,Chocolate Eclair,518100 - 3/31,Case 14 units,14.0
Cold Brew,Bindi,,Cold Brew Bag 1 Gal 7:1,8026,Case 1 × 1.0gal,1.0
Cold Brew,Bindi,,Organic Double Oat Cold Brew,2121,Case 12 × 0.54kg,12.0
Cold Brew,Bindi,,Organic Cappuccino Cold Brew,2122,Case 12 × 0.54kg,12.0
Cold Brew,Bindi,,Organic Classic Cold Brew,2123,Case 12 × 0.53kg,12.0
Nitro Cold Brew,Bindi,,Organic Nitro Cold Brew,2132,Case 12 × 0.47kg,12.0
Chocolate Sprint,PreGel,,Chocolate Sprint,305132,Case 12 units,12.0
Vanilla Syrup,PreGel,,Vanilla Sprint,305042,Case 12 units,12.0
White Base Sprint,PreGel,,White Base Sprint,305162,Case 12 units,12.0
Strawberry Sprint,PreGel,,Strawberry Sprint,305728,Case 8 units,8.0
Cinnamon Roll,Golden Waffles,,Cinnamon Roll Flavor Pack,20,Case 30 units,30.0
Cinnamon Roll,Golden Waffles,,Cinnamon Roll Flavor Pack,20-2/4,Case 30 units,30.0
Leek and Parmesan Danish,Bridor,Greco & Sons,Leek & Parmesan Bistro,50838,Case,
Cinnamon Roll,Bridor,Greco & Sons,Decadent Cinnamon Brioche,51457,Case,
Blueberry Cheesecake Danish,Bridor,Greco & Sons,Blueberry Cheesecake-Style Danish,50832,Case,
Cherry Greek Yogurt Danish,Bridor,Greco & Sons,Cherry And Greek Yogurt Danish,51452,Case,
Lemon Danish,Bridor,Greco & Sons,Lemon Danish,51448,Case,
Maple Pecan Danish,Bridor,Greco & Sons,Maple Pecan Danish,51458,Case,
Cheese Danish,Bridor,Greco & Sons,Cream Cheese Danish,51445,Case,
Focaccia,Bridor,Greco & Sons,Focaccia 4.8Oz,51446,Case,
Cheese Danish,Bridor,Pointe Dairy,Cream Cheese Danish,7255,Case,
Cinnamon Roll,Bridor,Pointe Dairy,Decadent Cinnamon Brioche,637263,Case,
Maple Pecan Danish,Bridor,Pointe Dairy,Maple Pecan Danish,7243,Case,
Focaccia,Bridor,Pointe Dairy,Focaccia 4.8Oz,73287,Case,
Strawberry Danish,Bridor,Pointe Dairy,Strawberry Cheesecake-Style Danish,7330,Case,
Leek and Parmesan Danish,Bridor,Pointe Dairy,Leek & Parmesan Bistro,8179,Case,
Cherry Greek Yogurt Danish,Bridor,Pointe Dairy,Cherry And Greek Yogurt Danish,37262,Case,
Raspberry Cream Cheese Danish,Bridor,Pointe Dairy,Raspberry Cheesecake-Style Danish,8590,Case,
Focaccia,Bridor,Food Related,Focaccia 4.8Oz,,Case,
Cherry Greek Yogurt Danish,Bridor,Food Related,Cherry And Greek Yogurt Danish,,Case,
Maple Pecan Danish,Bridor,Food Related,Maple Pecan Danish,,Case,
Strawberry Danish,Bridor,Food Related,Strawberry Cheesecake-Style Danish,,Case,
Focaccia,Bridor,TCW,Focaccia 4.8Oz,3164686,Case,
Lemon Danish,Bridor,TCW,Lemon Danish,,Case,
Strawberry Danish,Bridor,TCW,Strawberry Cheesecake-Style Danish,1104684,Case,
Leek and Parmesan Danish,Bridor,TCW,Leek & Parmesan Bistro,,Case,
All Butter Curved Croissant,Bridor,TCW,Curved Croissant - Medium,,Case,
Focaccia,Bridor,French Bakery,Focaccia 4.8Oz,,Case,
Strawberry Danish,Bridor,French Bakery,Strawberry Cheesecake-Style Danish,,Case,
Cheese Danish,Bridor,French Bakery,Cream Cheese Danish,,Case,
Lemon Danish,Bridor,French Bakery,Lemon Danish,,Case,
Chocolate Croissant,Bridor,French Bakery,Perfect Chocolatine,,Case,
