id,name_original,name_normalized,unit_original,unit_normalized
3,Coconut Milk,Coconut Milk,Case 12 × 32 oz,case 12 × 32 oz
8,Greek Yogurt,Greek Yogurt,case 6 x 32oz,case 6 × 32 oz
17,Green Tea,Green Tea,case 6 x 20 units,case 6 × 20 units
20,Rose Syrup,Rose Syrup,bottle x 750 ml,bottle × 750 ml
34,Pesto,Pesto,case 3 x 30 oz,case 3 × 30 oz
35,Mustard,Mustard,case X 420 OZ,case × 420 oz
36,Mayonnaise,Mayonnaise,Case 4 × 4 gal,case 4 × 4 gal
47,Honey Oat Granola,Honey Oat Granola,case 4 X 12 oz,case 4 × 12 oz
55,Sliced Tomato,Sliced Tomato,Case x 25 lb,case × 25 lb
62,Turkey Bacon,Turkey Bacon,case 6 x 50 units,case 6 × 50 units
63,Turkey Sausage Patty,Turkey Sausage Patty,case x 8 units,case × 8 units
64,Smoked Salmon,Smoked Salmon,case 2 X 2.5 lb,case 2 × 2.5 lb
66,Proscuitto,Proscuitto,case 12 X 3 oz,case 12 × 3 oz
69,Pinsa,Pinsa,case x 40 units,case × 40 units
70,Pinsa Margherita,Pinsa Margherita,case x 10 units,case × 10 units
71,Plain Bagel,Plain Bagel,case x 48 units,case × 48 units
72,Everything Bagel,Everything Bagel,case 48 X 4oz,case 48 × 4 oz
77,Pistachio Croissant,Pistachio Croissant,case x40 units,case × 40 units
78,Glazed Apricot Croissant,Glazed Apricot Croissant,case x 50 units,case × 50 units
88,Leek and Parmesan Danish,Leek and Parmesan Danish,case x 36 units,case × 36 units
90,Guava Danish,Guava Danish,case x 84 units,case × 84 units
101,Pistachio Muffin,Pistachio Muffin,case x 20 units,case × 20 units
105,Vanilla Eclair,Vanilla Eclair,Case x 14,case × 14
110,Tiramisu With Ladyfingers,Tiramisu with Ladyfingers,case 15 units,case 15 units
122,Pistachio Cheesecake,Pistachio Cheesecake,case x 16 units,case × 16 units
128,San Pellegrino,San Pellegrino,case 24 units x 500 ml,case 24 units × 500 ml
129,San Pellegrino Aranciata,San Pellegrino Aranciata,case 24 x 11.5 oz,case 24 × 11.5 oz
131,San Pellegrino Limonata,San Pellegrino Limonata,case 24 x 11.5 oz,case 24 × 11.5 oz
147,Energy Drink Celsius Orange,Energy Drink Celsius Orange,case 12 X 12 Oz,case 12 × 12 oz
148,Energy Drink Celsius Watermelon,Energy Drink Celsius Watermelon,case 12 X 12 Oz,case 12 × 12 oz
149,Energy Drink Celsius Mango Lemonade,Energy Drink Celsius Mango Lemonade,case 12 X 12 Oz,case 12 × 12 oz
150,Energy Drink Celsius Peach Vibe,Energy Drink Celsius Peach Vibe,case 12 X 12 Oz,case 12 × 12 oz
151,Energy Drink Celsius Tropical Vibe,Energy Drink Celsius Tropical Vibe,case 12 X 12 Oz,case 12 × 12 oz
152,Energy Drink Celsius Wildberry,Energy Drink Celsius Wildberry,case 12 X 12 Oz,case 12 × 12 oz
153,Energy Drink Celsius Artic Vibe,Energy Drink Celsius Artic Vibe,case 12 X 12 Oz,case 12 × 12 oz
154,Energy Drink Celsius Kiwi Guava,Energy Drink Celsius Kiwi Guava,case 12 X 12 Oz,case 12 × 12 oz
155,Energy Drink Celsuis Strawberry Lemonade,Energy Drink Celsuis Strawberry Lemonade,case 12 X 12 Oz,case 12 × 12 oz
158,Espresso,Espresso,case 6 x bag 1kg,case 6 x bag 1 kg
160,Whipped Cream,Whipped Cream,case 10 x 14 oz,case 10 × 14 oz
165,Cold Foam Coconut,Cold Foam Coconut,Case 12 × 32 oz,case 12 × 32 oz
166,Tiramisu Toasted Almond,Tiramisu Toasted Almond,Case 15 units,case 15 units
169,Vegan Croissant,Vegan Croissant,Case 48 units,case 48 units
170,Multigrain Muffin,Multigrain Muffin,Case 20 units,case 20 units
171,Strawberry Sprint,Strawberry Sprint,Case 8 x 1.32 kg,case 8 × 1.32 kg
172,White Base Sprint,White Base Sprint,Case 12 units,case 12 units
173,Pineapple Syrup,Pineapple Syrup,bottle 1 L ,bottle 1 L
174,Avocado Cheesecake,Avocado Cheesecake,Case 8 units,case 8 units
175,Chocolate Mousse Glass,Chocolate Mousse Glass,Case 12 units,case 12 units
177,Blueberry and Chocolate Chips Vegan Croissant,Blueberry and Chocolate Chips Vegan Croissant,Case 48 units,case 48 units
178,Raspberry Passion Fruit Cake,Raspberry Passion Fruit Cake,case 12 units x 4.1 oz,case 12 units × 4.1 oz
180,Pistachio Profiteroles,Pistachio Profiteroles,Case 24 units,case 24 units
181,Traditional Cheesecake,Traditional Cheesecake,Case 14 units,case 14 units
182,Truffle Royale Cake,Truffle Royale Cake,Case 14 units,case 14 units
183,Muffin Classico,Muffin Classico,Case 20 units,case 20 units
184,Chocolate Sprint,Chocolate Sprint,Case 12 units,case 12 units
185,Lemon Blueberry Crumb Cheesecake,Lemon Blueberry Crumb Cheesecake,Case 16 units,case 16 units
237,A'Siciliana Pomegranate Soda Can 11 Oz,A'siciliana Pomegranate Soda Can,case,case
238,A'Siciliana Blood Orange Soda Can 11 Oz,A'siciliana Blood Orange Soda Can,case,case
239,[MAPPED] Arrezzio Imperial Cheese Mozzarella Fresh,[Mapped] Arrezzio Imperial Cheese Mozzarella Fresh,Case,case
240,[MAPPED] Bindi - Cheesecake Dulce De Leche - (4.51 Oz.),Cheesecake Dulce de Leche,case,case
241,[MAPPED] Bindi - Cake - Carrot - (4.72 Oz.),Cake - Carrot,case,case
242,[MAPPED] Bindi - Cake - Chocolate Temptation (3.8 Oz.),Cake - Chocolate Temptation,case,case
243,Bindi - Cake - Limoncello Mascarpone (3.81 Oz.),Cake - Limoncello Mascarpone,case,case
244,[MAPPED] Bindi - Cake - Ricotta And Pistachio (3.2 Oz.),Cake - Ricotta and Pistachio,case,case
245,Bindi - Cheesecake - Mini Key Lime - Indiv. Portion (4.93 Oz.),Cheesecake - Mini Key Lime - Indiv. Portion,case,case
246,Bindi - Ciabattina Rustica - (4.2 Oz.),Ciabattina Rustica,case,case
247,[MAPPED] Bindi - Croissant - Glazed Apricot - (3.35 Oz.),Croissant - Glazed Apricot,case,case
248,Bindi - Croissant - Glazed Pistachio - (85 G),Croissant - Glazed Pistachio,case,case
249,[MAPPED] Bindi - Croissants - Mini Butter - (0.88 Oz.),Croissants - Mini Butter,case,case
250,[MAPPED] Bindi - French Macaron - Assorted *Special Order*,French Macaron - Assorted *Special Order*,case,case
251,Bindi - Maritizzo (3.2 Oz.),Maritizzo,case,case
252,Bindi - Mini Pain Au Chocolat (1.05 Oz.),Mini Pain Au Chocolat,case,case
253,[MAPPED] Bindi - Muffin Cocoa - (2.99 Oz),Muffin Cocoa,case,case
254,"[MAPPED] Bindi - Pinsa Classica 12"" X 8"" - (4.3 Oz.)",Pinsa Classica 12 X 8,case,case
255,[MAPPED] Block & Barrel Cheese Cheddar Sharp Sliced,[Mapped] Block & Barrel Cheese Cheddar Sharp Sliced,Case,case
256,[MAPPED] Bridor - Cinnamon Bun Brioche Rtb,Cinnamon Bun Brioche RTB,case,case
257,[MAPPED] Bridor - Danish - Apple Butter Rtb,Danish - Apple Butter RTB,case,case
258,[MAPPED] Bridor - Danish - Maple Pecan,Danish - Maple Pecan,case,case
259,[MAPPED] Bridor - Danish Strawberry Cheese,Danish Strawberry Cheese,case,case
260,[MAPPED] Bridor - Danish Tomato And Olive Rtb,Danish Tomato and Olive RTB,case,case
261,Bridor - Mini Danish Assortment,Mini Danish Assortment,case,case
262,[MAPPED] Butterball Turkey Sausage Patties Fully-Cooked,[Mapped] Butterball Turkey Sausage Patties Fully-cooked,Case,case
263,[MAPPED] Califia - Barista Almond Specialty Milk,Barista Almond Specialty Milk,case,case
264,[MAPPED] Celsius Rte Energy - Artic Vibe,Artic Vibe,case,case
265,Celsius Rte Energy - Berry Wild,Berry Wild,case,case
266,Celsius Rte Energy - Kiwi Guava,Kiwi Guava,case,case
267,[MAPPED] Celsius Rte Energy - Orange,Orange,case,case
268,[MAPPED] Celsius Rte Energy - Tropical Vibe,Tropical Vibe,Case,case
269,[MAPPED] Dannon Yogurt Vanilla Nonfat,[Mapped] Dannon Yogurt Vanilla Nonfat,Case,case
270,David'S Cookies - Muffin Pumpkin Cheese (Thaw & Serve),Muffin Pumpkin Cheese,case,case
271,Ghirardelli - Sauce Pump 0.50 Oz. For 64 Oz. Bottles,Sauce Pump 0.50 Oz. For 64 Oz. Bottles,ea,each
272,[MAPPED] Ghirardelli - Sweet Ground Chocolate & Cocoa Powder 3 Lb,Sweet Ground Chocolate & Cocoa Powder,piece,piece
273,Ghirardelli - 2 Tier 64 Oz. Flavoring Sauce Rack,2 Tier 64 Oz. Flavoring Sauce Rack,ea,each
274,Ghirardelli - 3 Tier 64 Oz. Flavoring Sauce Rack,3 Tier 64 Oz. Flavoring Sauce Rack,ea,each
275,Ghirardelli - Caramel Flavoring Sauce - 64Oz,Caramel Flavoring Sauce,bottle 64 oz,bottle 64 oz
276,[MAPPED] Ghirardelli - Sweet Ground Chocolate & Cocoa Powder 3 Lb,Sweet Ground Chocolate & Cocoa Powder,piece,piece
277,Ghirardelli - Vanilla Flavored Frappe Beverage Base 3 Lb.,Vanilla Flavored Frappe Beverage Base,canister 3 lb,canister 3 lb
278,Ghirardelli - White Chocolate Flavoring Sauce 64 Oz,White Chocolate Flavoring Sauce,bottle 64 oz,bottle 64 oz
279,[MAPPED] Jennie-O Bacon Turkey Pre-Cooked Crispy,[Mapped] Jennie-o Bacon Turkey Pre-cooked Crispy,Case,case
280,[MAPPED] Just Bagels - Bagel - Plain,Bagel - Plain,Case,case
281,Just Bagels Bagel Cheese Asiago,Just Bagels Bagel Cheese Asiago,case 8 X 6 units,case 8 × 6 units
282,[MAPPED] Just Bagels Bagel Everything,[Mapped] Just Bagels Bagel Everything,Case,case
283,Lkp - Two Cup Carrier,Two Cup Carrier,case,case
284,Lkp - Cup Sleeves,Cup Sleeves,case,case
285,Lkp - Die Cut Paper Bag Large ( W29.5Xh40),Die Cut Paper Bag Large,case,case
286,Lkp - Die Cut Paper Bag Small (W20*H30),Die Cut Paper Bag Small,cs,cs
287,Lkp - Die Cut Paper Bag Medium (W.25.5Xh34.5),Die Cut Paper Bag Medium,case,case
288,Lkp - Dome Lid For Bowl,Dome Lid For Bowl,case,case
289,"Lkp - Dome Lids For 12, 16 , 20 , 24 Oz","Dome Lids For 12, 16 , 20 ,",case,case
290,Lkp - Dome Lids For 32 Oz,Dome Lids For,case,case
291,Lkp - Double Wall Cup 12 Oz,Double Wall Cup,case,case
292,Lkp - Double Wall Cup 8 Oz,Double Wall Cup,case,case
293,"Lkp - Drinking Lid For 12 ,16 , 20 & 24 Oz (Cold Cups)","Drinking Lid For 12 ,16 , 20 &",case,case
294,"Lkp - Lids For Paper Cups 12 , 16 , 20 , 24 Oz (Hot Cups)","Lids For Paper Cups 12 , 16 , 20 ,",case,case
295,Lkp - Pet Plastic Cups 12 Oz,PET Plastic Cups,case,case
296,Lkp - Pet Plastic Cups 24Oz,PET Plastic Cups,case,case
297,Lkp - Pet Plastic Cups 32 Oz,PET Plastic Cups,case,case
298,Lkp - Plastic Straw For Cold Drink 0.6*23Cm,Plastic Straw For Cold Drink 0.6*23Cm,Case,case
299,Lkp - Plastic Straw For Cold Drink 1.2*23Cm,Plastic Straw For Cold Drink 1.2*23Cm,case,case
300,Lkp - Plastic Straw For Hot Drink 0.8*23 Cm,Plastic Straw For Hot Drink 0.8*23 Cm,case,case
301,Lkp - Single Wall Cup 24 Oz,Single Wall Cup,case,case
302,Lkp - Single Wall Cup 4 Oz,Single Wall Cup,case,case
303,Lkp - Two Cup Carrier,Two Cup Carrier,case,case
304,Lotus - 1 Oz Dispenser Pump,Lotus - 1 Oz Dispenser Pump,ea,each
306,[MAPPED] Lotus - Blue Raspberry Fruit Fussion,Blue Raspberry Fruit Fussion,Bottle,bottle
307,[MAPPED] Lotus - Mango Passion Fruit Fussion,Mango Passion Fruit Fussion,Bottle,bottle
308,[MAPPED] Lotus - Orange Creamsicle Ff,Orange Creamsicle Ff,Bottle,bottle
309,[MAPPED] Lotus - Pina Colada Fruit Fussion,Pina Colada Fruit Fussion,Bottle,bottle
310,[MAPPED] Lotus - Strawberry Fruit Fussion,Strawberry Fruit Fussion,Bottle,bottle
311,[MAPPED] Lotus - White Plant Power Concentrate,White Plant Power Concentrate,Bottle,bottle
312,[MAPPED] Lotus - White Plant Power Zero Sugar Concentrate,White Plant Power Zero Sugar Concentrate,Bottle,bottle
313,Monin - Caramel Sugar Free Syrup 750 Ml,Caramel Sugar Free Syrup,bottle x 750 ml,bottle × 750 ml
314,Monin - Caramel Syrup 750 Ml,Caramel Syrup,bottle x 750 ml,bottle × 750 ml
315,Monin - Cinnamon Syrup 750 Ml,Cinnamon Syrup,bottle x 750 ml,bottle × 750 ml
316,[MAPPED] Monin - Hazelnut - Sugar Free Syrup 750 Ml,Hazelnut - Sugar Free Syrup,Bottle,bottle
317,Monin - Lavender Syrup - 750 Ml,Lavender Syrup,bottle x 750 ml,bottle × 750 ml
318,Monin - Pistachio Syrup 750 Ml,Pistachio Syrup,bottle x 750 ml,bottle × 750 ml
319,Monin - Pure Cane Syrup 750 Ml,Pure Cane Syrup,bottle x 750 ml,bottle × 750 ml
320,Monin - Syrup (0.25 Oz.) Pump For 750 Ml Bottles,Syrup (0.25 Oz.) Pump For 750 Ml Bottles,ea,each
321,Monin - Syrup Pump (0.25 Oz.) For 750 Ml Bottles,Syrup Pump (0.25 Oz.) For 750 Ml Bottles,ea,each
322,[MAPPED] Papetti'S Egg Patty Fully Cooked,[Mapped] Papetti's Egg Patty Fully Cooked,Case,case
323,Pregel - Butter Pecan X 12,Pregel - Butter Pecan,case 12 x 1.81 lb ,case 12 × 1.81 lb
324,Pregel - Mango Sprint X 12,Pregel - Mango Sprint,case 12 x 1.1 kg,case 12 × 1.1 kg
325,Pregel - Pistachio Paste (Bucket),Pregel - Pistachio Paste,case 2 x bucket 2.5 kg,case 2 x bucket 2.5 kg
326,[MAPPED] Rev. Tea - Bombay Chai Black Tea / 20 Ct,Bombay Chai Black Tea / 20 Ct,Box,box
327,[MAPPED] Rev. Tea - British Breakfast Black Tea / 20 Ct,British Breakfast Black Tea / 20 Ct,Box,box
328,[MAPPED] Rev. Tea - Cape Town Honeybush Caramel Herbal Tea / 20 Ct,Cape Town Honeybush Caramel Herbal Tea / 20 Ct,Box,box
329,[MAPPED] Rev. Tea - Danish Rhubarb & Rose Milky Oolong Tea / 20 Ct,Danish Rhubarb & Rose Milky Oolong Tea / 20 Ct,Box,box
330,[MAPPED] Rev. Tea - German Chamomile & Lemon Balm / 20 Ct,German Chamomile & Lemon Balm / 20 Ct,Box,box
331,[MAPPED] Rev. Tea - Hemp Ginger & Chicory Herbal Tea / 20 Ct,Hemp Ginger & Chicory Herbal Tea / 20 Ct,Box,box
332,[MAPPED] Rev. Tea - Mexican Hibiscus Mango & Moringa Fruit Infusion / 20 Ct,Mexican Hibiscus Mango & Moringa Fruit Infusion / 20 Ct,Box,box
333,Rev. Tea - Oregon Spearmint & Peppermint Herbal Tea / 20 Ct,Oregon Spearmint & Peppermint Herbal Tea / 20 Ct,Box,box
334,[MAPPED] Bindi - Cake - Mixed Berry Tart (4.23 Oz.),Cake - Mixed Berry Tart,case,case
335,[MAPPED] Bindi - Cake - Raspberry Passionfruit (4.1 Oz.),Cake - Raspberry Passionfruit,case,case
336,[MAPPED] Bindi - Croissant - Almond - (2.65 Oz.),Croissant - Almond,case,case
337,[MAPPED] Bindi - Mini Cheesecake - Alle Fragole (4.8 Oz.),Mini Cheesecake - Alle Fragole,piece,piece
338,[MAPPED] Le Chef - Macaron - Strawberry,Macaron - Strawberry,case,case
339,Le Chef Bakery - Bagel - Sesame,Bagel - Sesame,case x 12 units,case × 12 units
340,[MAPPED] Le Chef Bakery - Cinnamon Bun,Cinnamon Bun,case,case
341,[MAPPED] Le Chef Bakery - Cinnamon Bun Pecan Sticky,Cinnamon Bun Pecan Sticky,case,case
342,[MAPPED] Le Chef Bakery - Cinnamon Bun With Icing,Cinnamon Bun with Icing,tray,tray
343,Le Chef Bakery - Croissant Butter All Natural,Croissant Butter All Natural,case x 14 units,case × 14 units
344,[MAPPED] Le Chef Bakery - Croissant Chocolate,Croissant Chocolate,case,case
345,[MAPPED] Le Chef Bakery - Danish Twist - Cherry,Danish Twist - Cherry,case,case
346,[MAPPED] Le Chef Bakery - Macaron - Raspberry,Macaron - Raspberry,case,case
347,[MAPPED] Le Chef Bakery - Macaron / Chocolate,Macaron / Chocolate,case,case
348,[MAPPED] Le Chef Bakery - Macaron / Spring Assortment,Macaron / Spring Assortment,case,case
349,[MAPPED] Le Chef Bakery - Macaron / Vainilla,Macaron / Vainilla,case,case
350,[MAPPED] Le Chef Bakery - Macaron /Pistachio,Macaron /Pistachio,case,case
351,[MAPPED] Le Chef Bakery - Macaron Sea Salt Caramel,Macaron Sea Salt Caramel,case,case
352,"Le Chef Bakery - Muffin - Lemon, W/Raspberry","Muffin - Lemon, W/raspberry",case x 12 units,case × 12 units
353,"Le Chef Bakery - Muffin - Morning Glory, Tulip Cup","Muffin - Morning Glory, Tulip Cup",case x 16 units,case × 16 units
354,"Le Chef Bakery - Muffin - Zucchini, Chia, Pumpkin & Sunflower Seeds","Muffin - Zucchini, Chia, Pumpkin & Sunflower Seeds",case x 12 units,case × 12 units
355,[MAPPED] Le Chef Bakery Bagel - Everything Slcd,Everything Slcd,case,case
356,"Le Chef Bakery Bagel - Jalapeno & Cheddar Cheese, Slcd","Jalapeno & Cheddar Cheese, Slcd",case x 12 units,case × 12 units
357,[MAPPED] Le Chef Bakery Bagel - Plain Slcd,Plain Slcd,case,case
358,"Le Chef Bakery Ciabata - Rustic Plain 4"" X 4""",Rustic Plain 4 X 4,case 36 units,case 36 units
359,[MAPPED] Le Chef Bakery Croissant - Almond Filled,Almond Filled,tray,tray
360,"[MAPPED] Le Chef Bakery Croissant - Almond, Mini 1 Oz","Almond, Mini",case,case
361,Le Chef Bakery Danish - Bear Claws,Bear Claws,tray x 11 units,tray × 11 units
362,[MAPPED] Le Chef Bakery Danish - Twist Apple Filling,Twist Apple Filling,case,case
363,[MAPPED] Le Chef Bakery Danish - Twist W/ Cheese Filling,Twist W/ Cheese Filling,case,case
364,[MAPPED] Le Chef Bakery Muffin - Banana Nut,Banana Nut,tray,tray
365,"Le Chef Bakery Muffin - Banana, W/ Nutella","Banana, W/ Nutella",case x 12 units,case × 12 units
366,Le Chef Bakery Muffin - Blueberry,Blueberry,tray x 8 units,tray × 8 units
367,"Le Chef Bakery Muffin - Churro, W/ Dulce De Leche","Churro, W/ Dulce de Leche",case x 12 units,case × 12 units
368,[MAPPED] Le Chef Bakery Muffin - Double Chocolate,Double Chocolate,tray,tray
369,Le Chef Bakery Muffin - Orange Cranberry Tulip Cup,Orange Cranberry Tulip Cup,tray x 8 units,tray × 8 units
370,Le Chef Bakery Muffin - Original Bran,Original Bran,case x 12 units,case × 12 units
371,Le Chef Bakery Pound Cake - Lemon,Lemon,case x 12 units,case × 12 units
372,[MAPPED] Le Chef Bakery Scones - Blueberry Triangle,Blueberry Triangle,tray,tray
373,Le Chef Bakery Scones - Mixed Berry,Mixed Berry,tray x 15 units,tray × 15 units
374,Le Chef Bakery Tea Bread - Cinnamon Crumb,Cinnamon Crumb,piece 12 X 2 loaves,piece 12 × 2 loaves
375,Monin (Shamrock) - Caramel Sugar Free Syrup 1 Lt (Pet),Caramel Sugar Free Syrup,case 4 x 1 L,case 4 × 1 L
376,Monin (Shamrock) - Cookie Butter Syrup 1 Lt (Pet),Cookie Butter Syrup,case 4 X 1 L,case 4 × 1 L
377,Monin (Shamrock) - Hazelnut Sugar Free Syrup 1 Lt (Pet),Hazelnut Sugar Free Syrup,case 4 x 1 L,case 4 × 1 L
378,Monin (Shamrock) - Lavender Syrup 1 Lt (Pet),Lavender Syrup,case 4 x 1 L,case 4 × 1 L
379,Monin (Shamrock) - Macadamia Nut Syrup 1 Lt (Pet),Macadamia Nut Syrup,case 4 x 1 L,case 4 × 1 L
380,Monin (Shamrock) - Pistachio Syrup 1 Lt (Pet),Pistachio Syrup,case 4 x 1 L,case 4 × 1 L
381,Monin (Shamrock) - Pure Cane Syrup 1 Lt (Pet),Pure Cane Syrup,case 4 x 1 L,case 4 × 1 L
382,Monin (Shamrock) - Strawberry Syrup 1 Lt (Pet),Strawberry Syrup,bottle,bottle
383,Monin (Shamrock) - Toasted Marshmallow Syrup 1 Lt (Pet),Toasted Marshmallow Syrup,case 4 x 1 L,case 4 × 1 L
384,[MAPPED] Monin (Shamrock) - Vainilla - Sugar Free -Syrup 1 Lt (Pet),Vainilla - Sugar Free -Syrup,piece,piece
385,[MAPPED] Monin (Shamrock) - Vainilla Syrup 1 Lt (Pet),Vainilla Syrup,piece,piece
386,Monin (Shamrock) - Yuzu Syrup 1 Lt (Pet),Yuzu Syrup,case 4 x 1 L,case 4 × 1 L
387,[MAPPED] A'Siciliana Mandarin Soda Can 11 Oz,[Mapped] A'siciliana Mandarin Soda Can,case,case
388,[MAPPED] Bindi - Cheesecake - Brownie Ind. Wrap (3 Oz.),Cheesecake - Brownie Ind. Wrap,case,case
389,Bindi - Cheesecake - Mini Pumpkin - (0.69 Oz.),Cheesecake - Mini Pumpkin,case,case
390,Poppi Cherry Limeade Prebiotic (12 Oz.),Poppi Cherry Limeade Prebiotic,case 12 X 12 Oz,case 12 × 12 oz
391,Poppi Raspberry Rose Prebiotic (12 Oz.),Poppi Raspberry Rose Prebiotic,case 12 X 12 Oz,case 12 × 12 oz
392,Poppi Strawberry Lemon Prebiotic,Poppi Strawberry Lemon Prebiotic,case 12 X 12 Oz,case 12 × 12 oz
393,[MAPPED] Pure Leaf/Lipton - Tea - Sweet Iced Tea W Lemon,Tea - Sweet Iced Tea W Lemon,case,case
394,Pure Leaf/Lipton - Tea - Unsweetened Iced,Tea - Unsweetened Iced,case 12 x 18.5 oz,case 12 × 18.5 oz
395,Pure Leaf/Lipton - Tea - Sweet Iced,Tea - Sweet Iced,case 12 x 18.5 oz,case 12 × 18.5 oz
396,Bindi - Cake - Lemon Mousse (3.28 Oz.),Cake - Lemon Mousse,case,case
397,Bindi - Cake - Mango Passion (4.02 Oz.),Cake - Mango Passion,case,case
398,Bindi - Cake - Monterosa (3.81 Oz.),Cake - Monterosa,case,case
399,Bindi - Croissant Plain Vegan - (2.64 Oz.),Croissant Plain Vegan,case,case
400,Bridor - Chocolate Twist,Chocolate Twist,case,case
401,[MAPPED] Bridor - Croissant - Large Butter,Croissant - Large Butter,case,case
402,[MAPPED] Bridor - Danish - Guava,Danish - Guava,case,case
403,[MAPPED] Bridor - Danish - Leek And Parmesan Bistro,Danish - Leek and Parmesan Bistro,case,case
404,[MAPPED] Bridor - Danish - Lemon,Danish - Lemon,case,case
405,[MAPPED] Bridor - Danish - Spinach And Feta Rtb,Danish - Spinach and Feta RTB,case,case
406,C'Est Gourmet - Croissant - Tomato Parmesan,Croissant - Tomato Parmesan,case,case
407,[MAPPED] C'Est Gourmet - Croissant Doughnut,Croissant Doughnut,case,case
408,C'Est Gourmet - Souffle - Spinach & Cheese (4.75 Oz.),Souffle - Spinach & Cheese,case,case
409,C'Est Gourmet - Turnover - Blueberry Turnover,Turnover - Blueberry Turnover,case,case
410,C'Est Gourmet - Turnover - Peach,Turnover - Peach,case,case
411,C'Est Gourmet Kouign Amann,C'est Gourmet Kouign Amann,case,case
412,[MAPPED] Califia - Barista Coconut Specialty Milk,Barista Coconut Specialty Milk,Cs,Cs
413,Pacific - Pistachio Milk Barista Specialty,Pistachio Milk Barista Specialty,case,case
414,Pacific - Soy Milk Barista Specialty,Soy Milk Barista Specialty,Case 12 × 32 oz,case 12 × 32 oz
415,Pressed - Daily Greens Juice,Daily Greens Juice,case 6 x 15.2 oz,case 6 × 15.2 oz
416,Pressed - Daily Roots + Ginger Juice,Daily Roots + Ginger Juice,case 6 x 15.2 oz,case 6 × 15.2 oz
417,Pressed - Orange Juice,Orange Juice,case 6 x 15.2 oz,case 6 × 15.2 oz
418,Pressed - Vitality Shot,Vitality Shot,case 24 x 2 oz,case 24 × 2 oz
419,Pressed - Wellness Shot,Wellness Shot,case 24 x 2 oz,case 24 × 2 oz
420,Rev. Tea - Oregon Spearmint & Peppermint Herbal Tea / 20 Ct,Oregon Spearmint & Peppermint Herbal Tea / 20 Ct,case 6 X 20 units,case 6 × 20 units
421,Something & Nothing - Cucumber,Cucumber,case 12 x12 oz,case 12 × 12 oz
422,[MAPPED] Something & Nothing - Cucumber,Cucumber,case,case
423,Something & Nothing - Ginger & Key Lime,Ginger & Key Lime,case 12 x 12oz,case 12 × 12 oz
424,Something & Nothing - Hibiscus & Rose,Hibiscus & Rose,case 12 X 12 Oz,case 12 × 12 oz
425,Something & Nothing - Orange + Mandarin,Orange + Mandarin,case 12 X 12 Oz,case 12 × 12 oz
426,Something & Nothing - Pineapple & Pink Grapefruit,Pineapple & Pink Grapefruit,case 12 X 12 Oz,case 12 × 12 oz
427,Something & Nothing - Sic Lemon Iced Tea,Sic Lemon Iced Tea,case 12 X 12 Oz,case 12 × 12 oz
428,[MAPPED] Sunraysia Juice - Apple X 250 Ml,Apple X,case,case
429,Sunraysia Juice - Cranberry X 250 Ml,Cranberry X,case 12 units,case 12 units
430,Sunraysia Juice - Mango X 250 Ml,Mango X,case 12 units,case 12 units
431,Sunraysia Juice - Orange X 250 Ml,Orange X,case 12 units,case 12 units
432,Sunraysia Juice - Pear X 250 Ml,Pear X,Case 12 units,case 12 units
433,Sunraysia Juice - Pineapple X 250 Ml,Pineapple X,Case 12 units,case 12 units
434,[MAPPED] Bindi - Eclair - Coffee - (2.6 Oz.),Eclair - Coffee,case,case
435,[MAPPED] Cusanos - Bagel Everything Sliced,Bagel Everything Sliced,case,case
436,Cusanos - Brownie,Brownie,case,case
437,[MAPPED] Cusanos - Muffin Chocolate Chip Tulip Cup Lg,Muffin Chocolate Chip Tulip Cup Lg,case,case
438,[MAPPED] Cusanos - Scones - Blueberry,Scones - Blueberry,case,case
440,[MAPPED] Cusanos Bagel New Yorker,[Mapped] Cusanos Bagel New Yorker,piece,piece
441,[MAPPED] Cusanos Bagel Plain Sliced,[Mapped] Cusanos Bagel Plain Sliced,case,case
443,[MAPPED] Cusanos Muffin - Banana Nut Tulip Cup Lg,Banana Nut Tulip Cup Lg,case,case
444,Cusanos Muffin - Rasp. Lemon Sugar Tulip,Rasp. Lemon Sugar Tulip,case,case
446,Bindi - Coppa Gelato - Cafe - (4 Oz.),Coppa Gelato - Cafe,case,case
447,Bindi - Coppa Gelato - Spagnola - (3.52 Oz.),Coppa Gelato - Spagnola,case,case
448,Bindi - Coppa Gelato- Pistachio - (3.52 Oz.),Coppa Gelato- Pistachio,case,case
449,Bindi - Croissant - Cream Filled - (3.35 Oz.),Croissant - Cream Filled,case,case
450,Bridor - Turnover Apple,Turnover Apple,case,case
451,Bindi - Caramel Pecan Bar - (4 Oz.),Caramel Pecan Bar,case,case
452,"Bindi - Mini Bomboloni Cocoa & Hazelnut - (0,84 Oz.)",Mini Bomboloni Cocoa & Hazelnut,case,case
453,[MAPPED] Bindi - Muffin Pistacchio - (2.99 Oz.),Muffin Pistacchio,case,case
454,[MAPPED] Bridor - Croissant Curved Butter,Croissant Curved Butter,case,case
455,Bridor - Danish - Raspberry Cheesecake - 3.53 Oz,Danish - Raspberry Cheesecake,case,case
456,Just Baked Muffin Blueberry,Just Baked Muffin Blueberry,bag x 18 units,bag × 18 units
457,[MAPPED] A'Siciliana Limonata Soda Can 11 Oz,[Mapped] A'siciliana Limonata Soda Can,case,case
458,"[MAPPED] Bindi - Cake - Tres Leches (4,4Oz.)",Cake - Tres Leches,case,case
459,[MAPPED] Sammy'S - Bagel - Everything,Bagel - Everything,case,case
460,[MAPPED] Sammy'S - Bagel - Plain,Bagel - Plain,case,case
461,[MAPPED] Sammy'S - Cake - Lemon Pound,Cake - Lemon Pound,case,case
462,Sammy'S - Cake - Original Crumb,Cake - Original Crumb,case 4 units,case 4 units
463,Sammy'S - Cake - Plain Pound,Cake - Plain Pound,case 2 units,case 2 units
464,[MAPPED] Sammy'S - Cinnamon Bunn,Cinnamon Bunn,case,case
465,Sammy'S - Cookies - Black & White,Cookies - Black & White,case 3 units,case 3 units
466,[MAPPED] Sammy'S - Danish - Apple,Danish - Apple,case,case
467,Sammy'S - Danish - Blueberry,Danish - Blueberry,case 3 units,case 3 units
468,[MAPPED] Sammy'S - Danish - Cheese,Danish - Cheese,case,case
469,[MAPPED] Sammy'S - Danish - Cherry,Danish - Cherry,case,case
470,Sammy'S - Danish - Raspberry,Danish - Raspberry,case 4 units,case 4 units
471,[MAPPED] Sammy'S - Scone - Blueberry,Scone - Blueberry,case,case
472,Sammy'S - Scone - Chocolate Chip Scone,Scone - Chocolate Chip Scone,case 2 units,case 2 units
473,Sammy'S - Turnover - Apple,Turnover - Apple,case 2 units,case 2 units
499,[MAPPED] Bindi - Cake - Carrot - (4.72 Oz.),Cake - Carrot,case,case
500,[MAPPED] Bindi - Cake - Chocolate Temptation (3.8 Oz.),Cake - Chocolate Temptation,case,case
501,[MAPPED] Bindi - Cake - Mixed Berry Tart (4.23 Oz.),Cake - Mixed Berry Tart,case,case
502,[MAPPED] Bindi - Cake - Raspberry Passionfruit (4.1 Oz.),Cake - Raspberry Passionfruit,case,case
503,[MAPPED] Bindi - Cake - Ricotta And Pistachio (3.2 Oz.),Cake - Ricotta and Pistachio,case,case
504,[MAPPED] Bindi - Croissant - Almond - (2.65 Oz.),Croissant - Almond,Case,case
505,[MAPPED] Bindi - Mini Cheesecake - Alle Fragole (4.8 Oz.),Mini Cheesecake - Alle Fragole,piece,piece
506,[MAPPED] Celsius Rte Energy - Artic Vibe,Artic Vibe,case,case
507,[MAPPED] Celsius Rte Energy - Orange,Orange,case,case
508,[MAPPED] Celsius Rte Energy - Tropical Vibe,Tropical Vibe,Case,case
509,[MAPPED] Le Chef Bakery - Bagel - Everything Slcd,Bagel - Everything Slcd,case,case
510,[MAPPED] Le Chef Bakery - Bagel - Plain Slcd,Bagel - Plain Slcd,case,case
511,[MAPPED] Le Chef Bakery - Cinnamon Bun,Cinnamon Bun,case,case
512,Le Chef Bakery - Cinnamon Bun Pecan Sticky,Cinnamon Bun Pecan Sticky,case x 6 units,case × 6 units
513,Le Chef Bakery - Cinnamon Bun With Icing,Cinnamon Bun with Icing,tray x 6 units,tray × 6 units
514,[MAPPED] Le Chef Bakery - Croissant - Almond Filled,Croissant - Almond Filled,tray,tray
515,"[MAPPED] Le Chef Bakery - Croissant - Almond, Mini 1 Oz","Croissant - Almond, Mini",case,case
516,[MAPPED] Le Chef Bakery - Croissant Chocolate,Croissant Chocolate,case,case
517,[MAPPED] Le Chef Bakery - Danish - Twist Apple Filling,Danish - Twist Apple Filling,case,case
518,[MAPPED] Le Chef Bakery - Danish - Twist W/ Cheese Filling,Danish - Twist W/ Cheese Filling,case,case
519,[MAPPED] Le Chef Bakery - Danish Twist - Cherry,Danish Twist - Cherry,case,case
520,[MAPPED] Le Chef Bakery - Macaron - Raspberry,Macaron - Raspberry,case,case
521,[MAPPED] Le Chef Bakery - Macaron - Strawberry,Macaron - Strawberry,case,case
522,[MAPPED] Le Chef Bakery - Macaron / Chocolate,Macaron / Chocolate,case,case
523,[MAPPED] Le Chef Bakery - Macaron / Pistachio,Macaron / Pistachio,case,case
524,[MAPPED] Le Chef Bakery - Macaron / Spring Assortment,Macaron / Spring Assortment,case,case
525,[MAPPED] Le Chef Bakery - Macaron / Vainilla,Macaron / Vainilla,case,case
526,[MAPPED] Le Chef Bakery - Macaron Sea Salt Caramel,Macaron Sea Salt Caramel,case,case
527,[MAPPED] Le Chef Bakery - Muffin - Banana Nut,Muffin - Banana Nut,tray,tray
528,[MAPPED] Le Chef Bakery - Muffin - Double Chocolate,Muffin - Double Chocolate,tray,tray
529,[MAPPED] Le Chef Bakery - Scones - Blueberry Triangle,Scones - Blueberry Triangle,tray,tray
530,Lkp - Two Cup Carrier,Two Cup Carrier,case,case
531,Lkp - Die Cut Paper Bag Large ( W29.5Xh40),Die Cut Paper Bag Large,case,case
532,Lkp - Die Cut Paper Bag Small (W20*H30),Die Cut Paper Bag Small,cs,cs
533,Lkp - Die Cut Paper Bag Medium (W.25.5Xh34.5),Die Cut Paper Bag Medium,case,case
534,Lkp - Dome Lid For Bowl,Dome Lid For Bowl,case,case
535,"Lkp - Dome Lids For 12, 16 , 20 , 24 Oz","Dome Lids For 12, 16 , 20 ,",case,case
536,Lkp - Dome Lids For 32 Oz,Dome Lids For,case,case
537,Lkp - Two Cup Carrier,Two Cup Carrier,case,case
538,Lotus - 1 Oz Dispenser Pump,Lotus - 1 Oz Dispenser Pump,ea,each
540,[MAPPED] Lotus - Blue Raspberry Fruit Fussion,Blue Raspberry Fruit Fussion,Bottle,bottle
541,[MAPPED] Lotus - Mango Passion Fruit Fussion,Mango Passion Fruit Fussion,Bottle,bottle
542,[MAPPED] Lotus - Orange Creamsicle Ff,Orange Creamsicle Ff,Bottle,bottle
543,[MAPPED] Lotus - Pina Colada Fruit Fussion,Pina Colada Fruit Fussion,Bottle,bottle
544,[MAPPED] Lotus - Strawberry Fruit Fussion,Strawberry Fruit Fussion,Bottle,bottle
545,[MAPPED] Lotus - White Plant Power Concentrate,White Plant Power Concentrate,Bottle,bottle
546,[MAPPED] Lotus - White Plant Power Zero Sugar Concentrate,White Plant Power Zero Sugar Concentrate,Bottle,bottle
547,[MAPPED] Monin (Shamrock) - Vainilla - Sugar Free -Syrup 1 Lt (Pet),Vainilla - Sugar Free -Syrup,piece,piece
548,[MAPPED] Monin (Shamrock) - Vainilla Syrup 1 Lt (Pet),Vainilla Syrup,piece,piece
549,[MAPPED] Bindi - Cheesecake Dulce De Leche - (4.51 Oz.),Cheesecake Dulce de Leche,case,case
550,"[MAPPED] Bindi - Pinsa Classica 12"" X 8"" - (4.3 Oz.)",Pinsa Classica 12 X 8,Case,case
551,[MAPPED] Bridor - Croissant - Large Butter,Croissant - Large Butter,Case,case
552,[MAPPED] Bridor - Danish - Guava,Danish - Guava,Case,case
553,[MAPPED] Bridor - Danish - Leek And Parmesan Bistro,Danish - Leek and Parmesan Bistro,Case,case
554,[MAPPED] Bridor - Danish - Lemon,Danish - Lemon,Case,case
555,[MAPPED] Bridor - Danish - Spinach And Feta Rtb,Danish - Spinach and Feta RTB,Case,case
556,[MAPPED] Bridor - Danish Strawberry Cheese,Danish Strawberry Cheese,Case,case
557,[MAPPED] Bridor - Danish Tomato And Olive Rtb,Danish Tomato and Olive RTB,Case,case
558,[MAPPED] C'Est Gourmet - Croissant Doughnut,Croissant Doughnut,Case,case
559,[MAPPED] Califia - Almond Barista Specialty Milk,Almond Barista Specialty Milk,case,case
560,[MAPPED] Califia - Coconut Barista Specialty Milk,Coconut Barista Specialty Milk,Cs,Cs
561,Pacific - Pistachio Milk Barista - 32 Fl. Oz. - 12/Case,Pistachio Milk Barista - 32 Fl. Oz. - 12/Case,case 12 X 32 oz,case 12 × 32 oz
562,Pacific - Soy Milk Barista - 32 Fl. Oz. - 12/Case,Soy Milk Barista - 32 Fl. Oz. - 12/Case,case 12 X 32 oz,case 12 × 32 oz
563,[MAPPED] Rev. Tea - Bombay Chai Black Tea / 20 Ct,Bombay Chai Black Tea / 20 Ct,Box,box
564,[MAPPED] Rev. Tea - British Breakfast Black Tea / 20 Ct,British Breakfast Black Tea / 20 Ct,Box,box
565,[MAPPED] Rev. Tea - Cape Town Honeybush Caramel Herbal Tea / 20 Ct,Cape Town Honeybush Caramel Herbal Tea / 20 Ct,Box,box
566,[MAPPED] Rev. Tea - Danish Rhubarb & Rose Milky Oolong Tea / 20 Ct,Danish Rhubarb & Rose Milky Oolong Tea / 20 Ct,Box,box
567,[MAPPED] Rev. Tea - German Chamomile & Lemon Balm / 20 Ct,German Chamomile & Lemon Balm / 20 Ct,Box,box
568,[MAPPED] Rev. Tea - Hemp Ginger & Chicory Herbal Tea / 20 Ct,Hemp Ginger & Chicory Herbal Tea / 20 Ct,Box,box
569,[MAPPED] Rev. Tea - Mexican Hibiscus Mango & Moringa Fruit Infusion / 20 Ct,Mexican Hibiscus Mango & Moringa Fruit Infusion / 20 Ct,Box,box
570,Something & Nothing - Mango & Thai Basil - 12 Oz.,Mango & Thai Basil,case 12 x 12 oz,case 12 × 12 oz
571,[MAPPED] Sunraysia Juice - Apple X 250 Ml - 8.45 Fl. Oz.,Apple X 250 Ml - 8.45 Fl. Oz.,case,case
572,[MAPPED] Bindi - Eclair - Coffee - (2.6 Oz.),Eclair - Coffee,case,case
573,Bridor - Perfect Chocolatine,Perfect Chocolatine,case,case
574,[MAPPED] Cusanos - Bagel - Everything Sliced,Bagel - Everything Sliced,Case,case
575,[MAPPED] Cusanos - Bagel - New Yorker,Bagel - New Yorker,Case,case
576,[MAPPED] Cusanos - Bagel - Plain Sliced,Bagel - Plain Sliced,Case,case
577,[MAPPED] Cusanos - Muffin - Banana Nut Tulip Cup Lg,Muffin - Banana Nut Tulip Cup Lg,Case,case
578,[MAPPED] Cusanos - Muffin - Chocolate Chip Tulip Cup Lg,Muffin - Chocolate Chip Tulip Cup Lg,Case,case
579,[MAPPED] Cusanos - Scones - Blueberry,Scones - Blueberry,case,case
580,[MAPPED] Bindi - Croissant - Apricot - (3.35 Oz.),Croissant - Apricot,Case,case
581,[MAPPED] Bindi - French Macaron - Assorted *Special Order*,French Macaron - Assorted *Special Order*,case,case
582,[MAPPED] Bindi - Cheesecake - Brownie Ind. Wrap (3 Oz.),Cheesecake - Brownie Ind. Wrap,case,case
583,[MAPPED] Bindi - Muffin Cocoa - (2.99 Oz),Muffin Cocoa,Case,case
584,[MAPPED] Bindi - Muffin Pistacchio - (2.99 Oz.),Muffin Pistacchio,Case,case
585,[MAPPED] Bridor - Cinnamon Bun Brioche Rtb,Cinnamon Bun Brioche RTB,Case,case
586,[MAPPED] Bridor - Croissant Curved Butter,Croissant Curved Butter,Case,case
587,[MAPPED] Just Bagels - Bagel - Everything,Bagel - Everything,Case,case
588,[MAPPED] Just Bagels - Bagel - Plain,Bagel - Plain,Case,case
589,[MAPPED] 3 Pigs - Egg Miscellaneous Sous-Vide Prosciutto Gruyere Bite,Egg Miscellaneous Sous-vide Prosciutto Gruyere Bite,case,case
590,[MAPPED] Arrezzio - Cheese - Mozzarella Fresh,Cheese - Mozzarella Fresh,Case,case
591,Arrezzio - Evoo - Oil Olive - Robusto Tin,Evoo - Oil Olive - Robusto Tin,case,case
592,[MAPPED] Baker'S Source - Bagels Plain Sliced Thaw & Serve 4 Oz Sleeved,Bagels Plain Sliced Thaw & Serve 4 Oz Sleeved,Case,case
593,[MAPPED] Bindi - Croissants - Mini Butter - (0.88 Oz.),Croissants - Mini Butter,Case,case
594,[MAPPED] Block & Barrel - Cheese - Blue Cheese Crumbles,Cheese - Blue Cheese Crumbles,Case,case
595,[MAPPED] Block & Barrel - Cheese - Cheddar - Sharp Sliced,Cheese - Cheddar - Sharp Sliced,Case,case
596,[MAPPED] Block & Barrel - Cheese - Mozzarella Part Skim Sliced,Cheese - Mozzarella Part Skim Sliced,Case,case
597,[MAPPED] Block & Barrel - Pickle Dill Sliced 1/8 Inch Smooth Cut 650 Count,Pickle Dill Sliced 1/8 Inch Smooth Cut 650 Count,Case,case
598,[MAPPED] Bob'S Red Mill - Granola - Honey Oat - Gluten-Free,Granola - Honey Oat - Gluten-free,Case,case
599,[MAPPED] Brakebush Brothers - Chicken Breast Strips With Grill Marks,Chicken Breast Strips with Grill Marks,Case,case
600,[MAPPED] Bridor - Danish - Apple Butter Rtb,Danish - Apple Butter RTB,Case,case
601,[MAPPED] Bridor - Danish - Maple Pecan,Danish - Maple Pecan,Case,case
602,Bridor - Margherita Bistro,Margherita Bistro,case,case
603,[MAPPED] Busseto - Ham Prosciutto Sliced,Ham Prosciutto Sliced,Case,case
604,[MAPPED] Butterball - Turkey Sausage Patties Fully-Cooked,Turkey Sausage Patties Fully-cooked,Case,case
606,Casa Solana - Guacamole Fresh Pico Blend Packaged,Guacamole Fresh Pico Blend Packaged,case,case
607,[MAPPED] Chefmaster - Sunset Orange Liqua-Gel Food Coloring,Sunset Orange Liqua-gel Food Coloring,Unit,Unit
608,"Chicopee - Wiper Towel Pink Diamond 11.5"" X 24"" Dry",Wiper Towel Pink Diamond 11.5 X 24 Dry,case,case
609,Cholula - Sauce Hot Portion Control,Sauce Hot Portion Control,case,case
610,Cucina Viva - Balsamic Glaze,Balsamic Glaze,case,case
611,David'S Cookies - Muffin Blueberry Thaw N Serve,Muffin Blueberry Thaw N Serve,case,case
612,David'S Cookies - Muffin Cranberry Orange Thaw & Serve,Muffin Cranberry Orange Thaw & Serve,case,case
613,Domino - Sugar Packet Cane,Sugar Packet Cane,case,case
614,[MAPPED] Fanale - Popping Boba - Lychee -7.05 Lb.,Popping Boba - Lychee,Unit,Unit
615,Fanale - Topping - Coconut Jelly,Topping - Coconut Jelly,unit,unit
616,Ghirardelli - Sauce Pump 0.50 Oz. For 64 Oz. Bottles,Sauce Pump 0.50 Oz. For 64 Oz. Bottles,ea,each
617,Ghirardelli - Sweet Ground Chocolate & Cocoa Powder 3 Lb,Sweet Ground Chocolate & Cocoa Powder,canister 3 lb,canister 3 lb
618,Ghirardelli - 2 Tier 64 Oz. Flavoring Sauce Rack,2 Tier 64 Oz. Flavoring Sauce Rack,ea,each
619,Ghirardelli - 3 Tier 64 Oz. Flavoring Sauce Rack,3 Tier 64 Oz. Flavoring Sauce Rack,ea,each
620,Ghirardelli - Sweet Ground Chocolate & Cocoa Powder 3 Lb,Sweet Ground Chocolate & Cocoa Powder,canister 3 lb,canister 3 lb
621,"Gusto Etna - Pistachios Roasted Chopped, 2.2 Lb (1 Kg)","Pistachios Roasted Chopped,",Case x 1kg,case × 1 kg
622,House Recipe - Honey Pure Clover Grade A True Source Certifie,Honey Pure Clover Grade a True Source Certifie,case 12 X 12 Oz,case 12 × 12 oz
623,Imperial Fresh - Tomato Roma Jumbo Fresh,Tomato Roma Jumbo Fresh,Case x 25 lb,case × 25 lb
624,[MAPPED] Jimmy Dean - Turkey Patties Sausage,Turkey Patties Sausage,Case,case
626,[MAPPED] Monin - Hazelnut - Sugar Free Syrup 750 Ml,Hazelnut - Sugar Free Syrup,Bottle,bottle
627,Monin - Syrup (0.25 Oz.) Pump For 750 Ml Bottles,Syrup (0.25 Oz.) Pump For 750 Ml Bottles,ea,each
628,Monin - Syrup Pump (0.25 Oz.) For 750 Ml Bottles,Syrup Pump (0.25 Oz.) For 750 Ml Bottles,ea,each
629,Nabisco/Oreo - Cookie Crumbs,Cookie Crumbs,Case x 25 lb,case × 25 lb
630,Nutella - Spread Chocolate Hazelnut,Spread Chocolate Hazelnut,case 2 X 6.6 lb,case 2 × 6.6 lb
631,[MAPPED] Oikos - Yogurt Plain Greek Non-Fat,Yogurt Plain Greek Non-fat,Case,case
632,[MAPPED] Papetti'S - Egg Patty Fully Cooked,Egg Patty Fully Cooked,Case,case
633,Pillsbury - Dough Roll Cinnamon Twirl,Dough Roll Cinnamon Twirl,case 100 units,case 100 units
634,[MAPPED] Portico - Salmon Atlantic Smoked Sliced Fillet Usa,Salmon Atlantic Smoked Sliced Fillet USA,Case,case
635,Sugar In The Raw - Sugar Turbinado,Sugar Turbinado,case 1200 units x 4.5 g,case 1200 units × 4.5 g
636,Sweet Plus - Sugar Substitute Packet Yellow,Sugar Substitute Packet Yellow,Case 2000 units,case 2000 units
637,Sysco Classic - Film Pvc Chloride Roll 2000 Feet Slide Cutter,Film Pvc Chloride Roll 2000 Feet Slide Cutter,Case,case
638,Sysco Classic - Glove Nitrile Foodservice Powder-Free Black Large,Glove Nitrile Foodservice Powder-free Black Large,Case,case
639,Sysco Classic - Glove Nitrile Foodservice Powder-Free Black Medium,Glove Nitrile Foodservice Powder-free Black Medium,Case,case
640,Sysco Classic - Liner Trash 24 Inch X 32 Inch 0.35 Mil Black Linear Low-Density Polyethylene (Lldpe),Liner Trash 24 Inch X 32 Inch 0.35 Mil Black Linear Low-density Polyethylene,Case,case
641,Sysco Classic - Liner Trash 38 Inch X 58 Inch 0.9 Mil Black Linear Low-Density Polyethylene (Lldpe),Liner Trash 38 Inch X 58 Inch 0.9 Mil Black Linear Low-density Polyethylene,Case,case
642,Sysco Classic - Spice - Cinnamon Ground,Spice - Cinnamon Ground,Case,case
643,[MAPPED] Sysco Classic - Turkey Burger Savory White,Turkey Burger Savory White,Case,case
644,"Sysco Supplies - Pad Scour Green 6"" X 9"" Antimicrobial",Pad Scour Green 6 X 9 Antimicrobial,Case,case
645,[MAPPED] Trois Petits - Egg Bite Wtny Chs Canadian Bcn,Egg Bite Wtny Chs Canadian Bcn,Case,case
646,[MAPPED] Tropical - Coconut Flake Sweetened,Coconut Flake Sweetened,Case,case
647,[MAPPED] Wholesome Farms - Cream Heavy 40%,Cream Heavy 40%,Case,case
648,Wholesome Farms - Creamer Half & Half,Creamer Half & Half,Case 12 × 32 oz,case 12 × 32 oz
649,Wholesome Farms - Creamer Half And Half Portion Control Aseptic,Creamer Half and Half Portion Control Aseptic,Case 384 units,case 384 units
650,Wholesome Farms - Milk - Skim Fat Free,Milk - Skim Fat Free,case 25 x 8 oz,case 25 × 8 oz
651,[MAPPED] A'Siciliana - Limonata Soda Can 11 Oz,Limonata Soda Can,case,case
652,A'Siciliana - Mandarin Soda Can 11 Oz,Mandarin Soda Can,case,case
653,"[MAPPED] Bindi - Cake - Tres Leches (4,4Oz.)",Cake - Tres Leches,case,case
654,[MAPPED] Sammy'S - Bagel - Everything,Bagel - Everything,case,case
655,[MAPPED] Sammy'S - Bagel - Plain,Bagel - Plain,case,case
656,Sammy'S - Cake - Lemon Pound,Cake - Lemon Pound,case 3 units,case 3 units
657,[MAPPED] Sammy'S - Cinnamon Bunn,Cinnamon Bunn,case,case
658,[MAPPED] Sammy'S - Danish - Apple,Danish - Apple,case,case
659,[MAPPED] Sammy'S - Danish - Cheese,Danish - Cheese,case,case
660,[MAPPED] Sammy'S - Danish - Cherry,Danish - Cherry,case,case
661,[MAPPED] Sammy'S - Scone - Blueberry,Scone - Blueberry,case,case
